model,split,fold,seed,macro_auroc,macro_ap,n_test,n_descriptors_scored,epochs_run
constant,scaffold,0,0,0.5,0.03776116924098987,2230,135,0
ecfp_mlp,scaffold,0,0,0.6214506403666389,0.08471721574983701,2230,135,16
gcn,scaffold,0,0,0.7138353269282172,0.1164565368053037,2230,135,35
gat,scaffold,0,0,0.7093388602387292,0.12075942184877299,2230,135,60
gat_sensor_pretrained,scaffold,0,0,0.70775053490358,0.1193408119926887,2230,135,50
ecfp_mlp,scaffold,0,1,0.6131785443060342,0.08342025390948028,2230,135,16
gcn,scaffold,0,1,0.6987055825072312,0.11034437146674554,2230,135,35
gat,scaffold,0,1,0.6942659535319552,0.11362125790278396,2230,135,52
gat_sensor_pretrained,scaffold,0,1,0.7203442735865173,0.12408849987051246,2230,135,35
ecfp_mlp,scaffold,0,2,0.6155691991181028,0.0821239751188778,2230,135,16
gcn,scaffold,0,2,0.697671272312119,0.1123072056462449,2230,135,54
gat,scaffold,0,2,0.7010463956806421,0.11024703803712693,2230,135,60
gat_sensor_pretrained,scaffold,0,2,0.7102261459879254,0.12220913245566394,2230,135,37
constant,scaffold,1,0,0.5,0.0344743869871328,1373,138,0
ecfp_mlp,scaffold,1,0,0.66680640859123,0.10016016197269363,1373,138,16
gcn,scaffold,1,0,0.7464160058208748,0.15041114386843135,1373,138,42
gat,scaffold,1,0,0.75669142226016,0.15442753529492081,1373,138,46
gat_sensor_pretrained,scaffold,1,0,0.7576216334482427,0.1519079209668724,1373,138,35
ecfp_mlp,scaffold,1,1,0.6713846273332261,0.1095293936457999,1373,138,16
gcn,scaffold,1,1,0.7534654354327252,0.15517624162236418,1373,138,41
gat,scaffold,1,1,0.761233552152223,0.14961958071790396,1373,138,29
gat_sensor_pretrained,scaffold,1,1,0.7456619982480653,0.1524271093440859,1373,138,40
ecfp_mlp,scaffold,1,2,0.6595197588620831,0.10361271965807921,1373,138,16
gcn,scaffold,1,2,0.7562324628525616,0.15439079796174618,1373,138,40
gat,scaffold,1,2,0.7630378801581061,0.15979213352597169,1373,138,60
gat_sensor_pretrained,scaffold,1,2,0.7537541758239449,0.1509444108218683,1373,138,28
constant,scaffold,2,0,0.5,0.033675582034055865,1372,138,0
ecfp_mlp,scaffold,2,0,0.6639790299590534,0.1015532543092602,1372,138,16
gcn,scaffold,2,0,0.7963589612943757,0.1668114997745314,1372,138,42
gat,scaffold,2,0,0.7984593657294256,0.1664872364035471,1372,138,43
gat_sensor_pretrained,scaffold,2,0,0.7944212934336442,0.1693089508835234,1372,138,38
ecfp_mlp,scaffold,2,1,0.6569430182199015,0.10153039258499151,1372,138,15
gcn,scaffold,2,1,0.7917106676699923,0.16646578678719304,1372,138,47
gat,scaffold,2,1,0.7968197112774895,0.1681589532626424,1372,138,48
gat_sensor_pretrained,scaffold,2,1,0.7946958983819478,0.16760570773667163,1372,138,48
ecfp_mlp,scaffold,2,2,0.6660987185720352,0.10391378872116216,1372,138,16
gcn,scaffold,2,2,0.7834316218786362,0.16259906871563448,1372,138,39
gat,scaffold,2,2,0.7985430305184942,0.16214439455793137,1372,138,35
gat_sensor_pretrained,scaffold,2,2,0.8000915082215491,0.1709323505200931,1372,138,44
constant,random,0,0,0.5,0.03559416795520263,1659,138,0
ecfp_mlp,random,0,0,0.7655192595870529,0.17986657750938956,1659,138,16
gcn,random,0,0,0.8580695667959338,0.25553925630554497,1659,138,35
gat,random,0,0,0.8584018463006983,0.272775861297912,1659,138,60
gat_sensor_pretrained,random,0,0,0.8572335670565361,0.26394193761203916,1659,138,40
ecfp_mlp,random,0,1,0.7626359050043434,0.18337330708919494,1659,138,16
gcn,random,0,1,0.8586527644629143,0.2577466124164447,1659,138,38
gat,random,0,1,0.8622650957403534,0.26983889881940354,1659,138,48
gat_sensor_pretrained,random,0,1,0.8572265383930389,0.2613314071318268,1659,138,31
ecfp_mlp,random,0,2,0.7569024677478879,0.17796319894427293,1659,138,16
gcn,random,0,2,0.8568066033825235,0.2577203211462242,1659,138,34
gat,random,0,2,0.8576884801118024,0.25993200675367045,1659,138,40
gat_sensor_pretrained,random,0,2,0.8589476753801779,0.25805469426307726,1659,138,30
constant,random,1,0,0.5,0.03538836733623538,1658,138,0
ecfp_mlp,random,1,0,0.7639826677118917,0.17563964550565325,1658,138,16
gcn,random,1,0,0.856852220129759,0.25315587294744774,1658,138,49
gat,random,1,0,0.8534197662956583,0.2396784184153447,1658,138,30
gat_sensor_pretrained,random,1,0,0.8554897838434113,0.25069650839092844,1658,138,39
ecfp_mlp,random,1,1,0.7574095394720757,0.17704352396906411,1658,138,16
gcn,random,1,1,0.8572662210681956,0.25377156787456806,1658,138,46
gat,random,1,1,0.8565506467517843,0.24156008991758324,1658,138,31
gat_sensor_pretrained,random,1,1,0.8561631379400334,0.24759199170508184,1658,138,33
ecfp_mlp,random,1,2,0.7622586901919456,0.17785623753682384,1658,138,16
gcn,random,1,2,0.8541314559567227,0.24867924773318698,1658,138,43
gat,random,1,2,0.8535121765110663,0.2383201897727855,1658,138,32
gat_sensor_pretrained,random,1,2,0.8550755546053543,0.2551616588174292,1658,138,40
constant,random,2,0,0.5,0.0350955402877572,1658,138,0
ecfp_mlp,random,2,0,0.7665018226530409,0.18235982136904763,1658,138,16
gcn,random,2,0,0.86130186044685,0.2611149698195054,1658,138,34
gat,random,2,0,0.8636458289791427,0.2610610420153574,1658,138,39
gat_sensor_pretrained,random,2,0,0.8615391738505531,0.276607499710778,1658,138,57
ecfp_mlp,random,2,1,0.7636388974141594,0.1789024586858974,1658,138,16
gcn,random,2,1,0.8623652527943353,0.2725180251966597,1658,138,54
gat,random,2,1,0.8690853573929274,0.28248154971804773,1658,138,52
gat_sensor_pretrained,random,2,1,0.8619339604201512,0.28087036788247244,1658,138,52
ecfp_mlp,random,2,2,0.7622915892187985,0.17760858895852966,1658,138,16
gcn,random,2,2,0.8626585948097611,0.268499072214984,1658,138,49
gat,random,2,2,0.8637591069972601,0.27873848891496644,1658,138,51
gat_sensor_pretrained,random,2,2,0.8638842784238322,0.2847405076305984,1658,138,50
