seed,smiles,n_atoms,attention_spread,ig_spread,attention_uniform_ref
0,COc1ccc(COC(=O)C(C)C)cc1,15,0.06740108286771332,0.34075453877449036,0.06666666666666667
0,CCOC(=O)C=Cc1ccccc1,13,0.04798279426040024,0.21810592710971832,0.07692307692307693
0,Cc1cc(CC(C)C)ccc1CCC=O,15,0.06341402797679571,0.10014326125383377,0.06666666666666667
0,CCCCOC(=O)c1ccc(O)c(OC)c1,16,0.0438097537882505,0.2200334072113037,0.0625
0,CC=CC(=O)OC(C)(C)Cc1ccccc1,16,0.09715271481099327,0.15998481214046478,0.0625
0,C=C(C)C1CCC(C)CC1=O,11,0.07712616764673136,0.2698934078216553,0.09090909090909091
0,CCCOC(=O)C=Cc1ccccc1,14,0.04324078752805426,0.27342596650123596,0.07142857142857142
0,CC(C)CC=C(C=O)c1ccccc1,14,0.06318589095621212,0.1405048668384552,0.07142857142857142
0,CC(C)c1ccc(CCC=O)cc1,13,0.06188314266865101,0.11202874779701233,0.07692307692307693
0,CCC(=O)c1cc(OC)c(O)c(OC)c1,15,0.06162064789366378,0.1898653358221054,0.06666666666666667
0,CC(C)(C)C1CCCCC1=O,11,0.11244056448265269,0.2551640272140503,0.09090909090909091
0,COc1ccc(CO)cc1OC,12,0.04443198277798611,0.25534507632255554,0.08333333333333333
0,CCCCCCCC1(C(=O)O)CC1,13,0.0909532919040322,0.30495700240135193,0.07692307692307693
0,CCc1ccc(CC=COC)cc1,13,0.04909679510245378,0.12912315130233765,0.07692307692307693
0,CCC(CC)C(=O)N(C)c1cccc(C)c1,16,0.0503290747907092,0.12280639261007309,0.0625
0,Cc1ccc(O)cc1,8,0.0835987416426247,0.1702611744403839,0.125
0,CCC1=C(C)C(=O)CC(C)C1CC,13,0.06677871113423513,0.2646569311618805,0.07692307692307693
0,CC(=O)OC1CC2CC1C1CCCC21,14,0.06057291685400295,0.11743587255477905,0.07142857142857142
0,CC1CC(C)c2nccnc21,11,0.05967310710593448,0.3546561002731323,0.09090909090909091
0,c1ccc2c(c1)CCCN2,10,0.05230354240458625,0.4915986657142639,0.1
0,CC1CCC(=O)C1=O,8,0.10794945117475964,0.2958712577819824,0.125
0,COc1cc(CCC(C)=O)ccc1O,14,0.08704158455508182,0.2230530083179474,0.07142857142857142
0,CCOC(=O)c1ccccc1CO,13,0.04633537509744571,0.23576463758945465,0.07692307692307693
0,CCOC(=O)CC(=O)c1ccccc1,14,0.05212012792218317,0.3348866403102875,0.07142857142857142
0,CC1(C)C2CCC(CS)C1C2,11,0.08886012686844937,0.5413747429847717,0.09090909090909091
0,CC(C)COC(=O)C=Cc1ccccc1,15,0.06966674728338329,0.2793724238872528,0.06666666666666667
0,O=CCOCCc1ccccc1,12,0.03919025391239704,0.14131984114646912,0.08333333333333333
0,CC1(C)COC2(CCCCC2)OC1,13,0.09568549808903573,0.14886873960494995,0.07692307692307693
0,CC1(S)CCC2CC1C2(C)C,11,0.1423439331313885,0.6023886799812317,0.09090909090909091
0,C=Cc1cc(OC)c(O)c(OC)c1,13,0.04592913376921875,0.2761414051055908,0.07692307692307693
0,CCC(C=O)=Cc1ccccc1,12,0.05023190861485684,0.15082426369190216,0.08333333333333333
0,CC(C)(C)c1ccc(CCC=O)cc1,14,0.09708420980174215,0.16074007749557495,0.07142857142857142
0,Cc1nc2ccccc2s1,10,0.06423290317220523,0.3701203465461731,0.1
0,CC1=C(C)CC2(COCOC2)C(C)C1,14,0.05772341093235281,0.21605239808559418,0.07142857142857142
0,C1CNCCN1.O=C(O)CCCCC(=O)O,16,0.06646306990774589,0.12999984622001648,0.0625
0,O=C(O)C1CCCN1,8,0.08968875155978683,0.24266861379146576,0.125
0,CC(C)C(=O)[O-].CCOc1cc(C=O)ccc1O,18,0.05188203790465766,0.16480441391468048,0.05555555555555555
0,O=CC1CCC2C3CCC(C3)C12,12,0.04089038509019356,0.11485891044139862,0.08333333333333333
0,Cc1ccc(C(C)C=O)cc1,11,0.06994994238901744,0.137513667345047,0.09090909090909091
0,O=C1CCC=CCCCCCCCCCC1,16,0.04773909937188119,0.09309086203575134,0.0625
0,COc1ccc(COC(=O)Cc2ccccc2)cc1,19,0.03904120770086794,0.13560742139816284,0.05263157894736842
0,CC=Cc1cc(OC)c(O)c(OC)c1,14,0.04264848261122277,0.24521668255329132,0.07142857142857142
0,CC1OC=CC1=O,7,0.11219536013096612,0.3485841751098633,0.14285714285714285
0,CC(C)(O)c1ccccc1,10,0.13273166828625566,0.1272888481616974,0.1
0,CC(C)C(C=O)c1ccccc1,12,0.06654308391338867,0.10486972332000732,0.08333333333333333
0,CCOC(=O)C(O)Cc1ccccc1,14,0.05882821113120613,0.20204278826713562,0.07142857142857142
0,COC(C=Cc1ccccc1)OC,13,0.043433047722595375,0.14607568085193634,0.07692307692307693
0,CC1=CC(=O)C2CC1C2(C)C,11,0.08570476948442135,0.23033088445663452,0.09090909090909091
0,CCCC(=O)OC(CC)c1ccccc1,15,0.05710988340889983,0.44495585560798645,0.06666666666666667
0,CC12CCCC(OC=O)(C1)C1CC(C)(C)C1CC2,18,0.0597271573614549,0.13942646980285645,0.05555555555555555
0,CC(COC(=O)c1ccccc1)OC(=O)c1ccccc1,21,0.036252280910980234,0.11750825494527817,0.047619047619047616
0,COc1ccc2ccc(=O)oc2c1,13,0.047125849748319806,0.2862049639225006,0.07692307692307693
0,C=C(C)C1CCC(C)=CC1=O,11,0.06902849289607203,0.22679996490478516,0.09090909090909091
0,O.O.O.O.O.O.O.O.OB1O[B-]2(O)OB(O)O[B-](O)(O1)O2.[Na+].[Na+],23,0.03936942904068885,0.08204425871372223,0.043478260869565216
0,c1coc(CSCc2ccco2)c1,13,0.05013829900294875,0.45097702741622925,0.07692307692307693
0,CC(=O)C=Cc1ccccc1,11,0.09060425214652933,0.1434890627861023,0.09090909090909091
0,CCOc1ccc(C(C)=O)cc1,12,0.07751376099056667,0.32975563406944275,0.08333333333333333
0,CCCCCC#CC(=O)OCc1ccccc1,17,0.03103051113671501,0.22004975378513336,0.058823529411764705
0,O=C(C=Cc1ccccc1)OC1CCCCC1,17,0.039717442791080006,0.140956848859787,0.058823529411764705
0,CCOC(=O)Cc1ccccc1,12,0.06511772820769895,0.38014090061187744,0.08333333333333333
0,O=C(OC1CCCCC1)c1ccccc1O,16,0.04344227202770963,0.36878955364227295,0.0625
0,CC(=O)C1(C)CC2=C(CCCC2(C)C)CC1C,17,0.07571002497246888,0.1586178094148636,0.058823529411764705
0,CCc1cc(OC)c(O)c(OC)c1,13,0.04464507945250436,0.22783325612545013,0.07692307692307693
0,CCCc1ccc(OC)cc1,11,0.05021900620444164,0.1538924127817154,0.09090909090909091
0,CCC(C)C(=O)OCCc1ccccc1,15,0.0600507866274617,0.3966563045978546,0.06666666666666667
0,CC1CCC(CCCC(=O)O)C1(C)C,14,0.0751928227816462,0.22181402146816254,0.07142857142857142
0,CC(C)C1CC(c2ccccc2)C=CO1,15,0.05111431655178,0.10443813353776932,0.06666666666666667
0,CC1=C(O)C(=O)C(C)S1,9,0.09247377765268704,0.4826176166534424,0.1111111111111111
0,C=C1C=CC(C(C)CCC=C(C)C)CC1,15,0.06179085779427271,0.09906598925590515,0.06666666666666667
0,CCCCCCc1ccc(C=CC(OC)OC)cc1,19,0.031084108402488028,0.09835237264633179,0.05263157894736842
0,CCCOC(=O)c1ccccc1N,13,0.04398213232029574,0.3749065399169922,0.07692307692307693
0,CC(=O)[O-].CC(=O)[O-].CCC(=O)c1ccc(F)c(C2CC2NC(=O)Nc2ccc(C#N)cn2)c1O.[Zn+2],36,0.02784875299741445,0.06667929142713547,0.027777777777777776
0,COC(=O)c1ccccc1N=CC=Cc1ccccc1,20,0.028028757320047712,0.0741976872086525,0.05
0,CC1=CC(=O)C(C(C)C)CC1,11,0.07553834645662175,0.4069439172744751,0.09090909090909091
0,CCOc1ccccc1CO,11,0.04647483292854193,0.42807725071907043,0.09090909090909091
0,C=CCCC1=C(C)C(=O)CCC1(C)C,14,0.07983706171826949,0.15335139632225037,0.07142857142857142
0,CCCC(O)Cc1ccccc1,12,0.07339132235030049,0.10002195835113525,0.08333333333333333
0,CCc1cc2c(cc1C(C)=O)C(C)(C)CCC2(C)C,19,0.06230496277153139,0.17145699262619019,0.05263157894736842
0,COC(=O)c1c(C)cc(O)c(C)c1O,14,0.050880598405091466,0.27662423253059387,0.07142857142857142
0,CC(=O)OCc1ccc(C)cc1,12,0.06581614229684452,0.2509113550186157,0.08333333333333333
0,CC1=CC2C(CCC(C)=CCC1)C2(C)C,15,0.0670740414340186,0.13643106818199158,0.06666666666666667
0,C=CCC(C=O)c1ccccc1,12,0.030607951260129496,0.13879743218421936,0.08333333333333333
0,C=CCCC(=O)C1=CC2(CCCC2)CCC1,16,0.05708228732893172,0.16201674938201904,0.0625
0,CCC(=O)OC1CCCCCCCCCCC1,17,0.05042531978340474,0.16736258566379547,0.058823529411764705
0,CC1=CCC(CC#N)C1(C)C,11,0.08949263608234535,0.24550987780094147,0.09090909090909091
0,Cc1oc2ccccc2c1C,11,0.0575048148022935,0.33510318398475647,0.09090909090909091
0,CC(=O)OC=Cc1ccccc1,12,0.07166483812239499,0.1670660376548767,0.08333333333333333
0,O=C(CCc1ccccc1)OCCCc1ccccc1,20,0.03788607340837014,0.11160287261009216,0.05
0,CC(CC=O)CCCC(C)(C)O.c1ccc2[nH]ccc2c1,21,0.0698713448295894,0.09119357168674469,0.047619047619047616
0,CCC1NC(CC)SC(CC)S1,12,0.06631608513690351,0.3542208671569824,0.08333333333333333
0,CC(=O)OCCC1CC=C(C)C1(C)C,14,0.07262645278697533,0.21314726769924164,0.07142857142857142
0,C=CCOC(=O)c1ccccc1,12,0.04455294698369176,0.27742189168930054,0.08333333333333333
0,CC1CCC(C(C)C)C(NC(=O)C2CC2)C1,16,0.0555723195775164,0.4451383352279663,0.0625
0,OCc1ccc(O)cc1,9,0.07330056967167249,0.2795890271663666,0.1111111111111111
0,OC(Cc1ccccc1)c1ccccc1,15,0.046565084163419375,0.08081568777561188,0.06666666666666667
0,CCOC(=O)C1C(C=C(C)C)C1(C)C,14,0.06688919431570257,0.19021525979042053,0.07142857142857142
0,CCCCCC(=O)OCCc1ccccc1,16,0.04798972643662209,0.343572199344635,0.0625
0,O=C1CCCCCCCCCCCCCCC1,17,0.04574073956320271,0.04899771139025688,0.058823529411764705
0,C1CCCC2(CCC1)CCCO2,12,0.08391575822382286,0.03539549559354782,0.08333333333333333
0,CC(C)C=C(C=O)c1ccccc1,13,0.07119613815028178,0.1465434432029724,0.07692307692307693
0,CC1CCCCCCCCCCCCC(=O)O1,17,0.05134506954449426,0.062145959585905075,0.058823529411764705
0,O=C1CCC2=C(CCCC2)O1,11,0.06570715384184338,0.23258550465106964,0.09090909090909091
0,C=CCOCCc1ccccc1,12,0.03919025405839212,0.2498774230480194,0.08333333333333333
0,CC1C(=O)C2CC1C(C)(C)C2,11,0.10299846410685728,0.23745042085647583,0.09090909090909091
0,CC1=CCC2(CC1)C(C)CCC2C(C)(C)O,16,0.08251900168306318,0.14884299039840698,0.0625
0,C=CC(C)(CCC=C(C)C)OC(=O)c1ccccc1,19,0.07448061419629279,0.10557305812835693,0.05263157894736842
0,CC(C)=CCOC(=O)c1ccccc1,14,0.05606842872945589,0.2159179449081421,0.07142857142857142
0,COC(C)OC(C)OCc1ccccc1,15,0.04275727342508627,0.12733201682567596,0.06666666666666667
0,COc1ccc(C=O)cc1O,11,0.06516950530364049,0.2811780273914337,0.09090909090909091
0,CCOC(=O)CC(O)c1ccccc1,14,0.049442048794210165,0.27784213423728943,0.07142857142857142
0,CCOC(=O)C(C)(O)c1ccccc1,14,0.09567721598704063,0.2808490991592407,0.07142857142857142
0,C=CCc1cc(OC)c(OC)c(OC)c1,15,0.036443948999154215,0.22770263254642487,0.06666666666666667
0,CCCCOC(C)OCCc1ccccc1,16,0.036408429592771345,0.2683641016483307,0.0625
0,CCCCCCCOC(=O)C=Cc1ccccc1,18,0.030777405109025005,0.15230554342269897,0.05555555555555555
0,CC(CC=O)CCc1ccccc1,13,0.05337378617510561,0.117442287504673,0.07692307692307693
0,CC(CO)C1CCCCCCCCCCC1,16,0.0355341847128821,0.07568131387233734,0.0625
0,CC(=O)C1=NCCS1,8,0.10587570159603085,0.5018794536590576,0.125
0,CC(C=O)=Cc1ccccc1,11,0.08027903967007838,0.13488426804542542,0.09090909090909091
0,CC1CC2C3CCC(C3)C2CC1=O,13,0.07150462474443148,0.16088809072971344,0.07692307692307693
0,CSC(=O)c1ccccc1,10,0.08566513197769947,0.6070008873939514,0.1
0,CCCCCCCCCC=Nc1ccccc1C(=O)OC,21,0.026694051405817883,0.05099618434906006,0.047619047619047616
0,CCOC(C)OCCc1ccccc1,14,0.043411562392398205,0.22787152230739594,0.07142857142857142
0,O=CCOc1ccccc1,10,0.03102298382026253,0.3279821276664734,0.1
0,c1coc(Cn2cccc2)c1,11,0.07065003691180176,0.38867253065109253,0.09090909090909091
0,CCOC(=O)CCCc1ccccc1,14,0.05889168948350664,0.3398289382457733,0.07142857142857142
0,CC1OCCCCCCCCCCCOC1=O,17,0.04458699027474641,0.07675496488809586,0.058823529411764705
0,CC(=O)CCc1ccccc1,11,0.11078019405023634,0.17748817801475525,0.09090909090909091
0,CC(NC(=O)C(N)CC(=O)O)C(=O)NC1C(C)(C)SC1(C)C,22,0.059239098346118624,0.19595348834991455,0.045454545454545456
0,C=CCCC(=O)c1ccccc1,12,0.06673856029943573,0.1942673772573471,0.08333333333333333
0,Cc1occ2c1SCC2,9,0.06908264843705855,0.6986418962478638,0.1111111111111111
0,CC1=CC(O)CC(C)C2CC(=C(C)C)CC12,16,0.06027465172656133,0.12722709774971008,0.0625
0,CC(=O)OCc1ccc(C)cc1C,13,0.060269927588071,0.22674578428268433,0.07692307692307693
0,C=C1CC2CCC1C2(C)C,10,0.10078853180089448,0.21248826384544373,0.1
0,CC(CC=O)c1ccccc1,11,0.05542711880840302,0.13755841553211212,0.09090909090909091
0,c1coc(CCc2ccco2)c1,12,0.04922349374391677,0.32568344473838806,0.08333333333333333
0,CC(C)(Cc1ccccc1)OC=O,13,0.11356856317008256,0.19711047410964966,0.07692307692307693
0,CC(CC#N)CCc1ccccc1,13,0.06557856196989562,0.16023136675357819,0.07692307692307693
0,CC1CCC2C(C)(C)C3CC12CCC3(C)O,16,0.08041899315882786,0.11320095509290695,0.0625
0,Cc1ccc(C=O)c(O)c1,10,0.058125364514690095,0.3109908103942871,0.1
0,COCOC1CCCCCCCCCCC1,16,0.038963081665936046,0.15662559866905212,0.0625
0,COc1cc(C=O)ccc1OC(=O)C(C)C,16,0.06271579384405102,0.2927907109260559,0.0625
0,COCc1ccc(O)cc1,10,0.07565078507901485,0.19426706433296204,0.1
0,CCCCCC(=O)OCC=Cc1ccccc1,17,0.045056594711098866,0.2688661515712738,0.058823529411764705
0,CC(=O)OC1C=C(C)C2CC1C2(C)C,14,0.06886599407485132,0.19483236968517303,0.07142857142857142
0,CCCCCOC(=O)c1ccccc1,14,0.03862243531861926,0.401029109954834,0.07142857142857142
0,CC1=CC(=O)CO1,7,0.0842554488799247,0.4323479235172272,0.14285714285714285
0,CCC(C)C(=O)N(C)c1ccccc1,14,0.06694926828750283,0.19233371317386627,0.07142857142857142
0,CCCc1ccc(O)c(OC)c1,12,0.057781662083710376,0.2993774116039276,0.08333333333333333
0,COc1ccc(C=C(C)C=O)cc1,13,0.06792842338758122,0.17023129761219025,0.07692307692307693
0,CCOC(=O)CC1C=CCC1,11,0.06994990892981576,0.2932182848453522,0.09090909090909091
0,CC1(C)C2CC=C(CO)C1C2,11,0.08777251672465684,0.21498796343803406,0.09090909090909091
0,CC(O)Cc1ccccc1,10,0.10251169791822312,0.14309965074062347,0.1
0,CCOC(=O)OC1=C(C)OC(C)C1=O,14,0.05668889620065613,0.1835988312959671,0.07142857142857142
0,COc1ccccc1C(=O)O,11,0.06950486517903845,0.2744354009628296,0.09090909090909091
0,C=C1CCC2C1C1C(C(C)C)CCC21C,15,0.05491507929260505,0.1354241669178009,0.06666666666666667
0,CC=Cc1ccc(OCC)c(OC)c1,14,0.03815949387280265,0.2948088049888611,0.07142857142857142
0,CCC(C)C(=O)OCc1ccccc1,14,0.06422967355016099,0.39388829469680786,0.07142857142857142
0,CC(=O)c1cc2c(cc1C)C(C)(C)C(C)CC2(C)C,19,0.0611891193102184,0.16574181616306305,0.05263157894736842
0,CCCCCC1OC(=O)C(C)=C1C,13,0.059331639296228506,0.2195688635110855,0.07692307692307693
0,Cc1ccc2c(c1)OC(=O)C2C,12,0.0671998770972094,0.3091337978839874,0.08333333333333333
0,COC(=O)c1ccccc1OC,12,0.048750423510664144,0.2679779827594757,0.08333333333333333
0,CC(C)Oc1cc(C=O)ccc1O,13,0.07387476480222066,0.27522268891334534,0.07692307692307693
0,COC(=O)c1ccccc1NC=O,13,0.045219537138025845,0.2718539237976074,0.07692307692307693
0,C=CCc1ccc(OCC)c(OC)c1,14,0.037344063954773875,0.27710601687431335,0.07142857142857142
0,CC(C#N)=Cc1ccccc1,11,0.069374122998077,0.1037159264087677,0.09090909090909091
0,OCC1COC(Cc2ccccc2)O1,14,0.03463545623937597,0.09600905328989029,0.07142857142857142
0,Cc1ccc(CC(C)C=O)cc1,12,0.06837926709678321,0.1245737224817276,0.08333333333333333
0,C=C(C)C1CC(=O)C2(C)OC2C1,12,0.07674387067181088,0.20678487420082092,0.08333333333333333
0,CC(CC(C)(C)C#N)c1ccccc1,14,0.10437344314240402,0.1722516566514969,0.07142857142857142
0,CCCCCOC(=O)Cc1ccccc1,15,0.04988859923353175,0.4347496032714844,0.06666666666666667
0,OCC1CCC2C3CCC(C3)C12,12,0.03640988133465679,0.08260569721460342,0.08333333333333333
0,CNc1ccccc1C(=O)OCC(C)C,15,0.06958661988155943,0.3112659752368927,0.06666666666666667
0,OC1CCCC1,6,0.1343226350016064,0.24878965318202972,0.16666666666666666
0,C1CCSC1,5,0.11885489050319767,0.728301465511322,0.2
0,CC(=O)C1CC2=C(C)CC1C(C(C)C)C2,15,0.06531997592271697,0.1037752777338028,0.06666666666666667
0,Nc1ccccc1C(=O)OCc1ccccc1,17,0.031297957963206946,0.08653075248003006,0.058823529411764705
0,CCCCCOC(=O)c1ccccc1O,15,0.04349790949754968,0.2876209616661072,0.06666666666666667
0,CC(C)C1=CCC(CCOC=O)=CC1,14,0.05943410069399728,0.16094937920570374,0.07142857142857142
0,COc1ccc(O)cc1,9,0.07820588410722017,0.3995089828968048,0.1111111111111111
0,COc1ccccc1C(C)=O,11,0.08120493914250619,0.29168185591697693,0.09090909090909091
0,CC1=CCC(CCC(C)CO)C1(C)C,14,0.07516147618332034,0.1904136687517166,0.07142857142857142
0,O=C(O)c1ccccc1,9,0.0854342465219077,0.40405794978141785,0.1111111111111111
0,CCCCCCC(=O)OCc1ccccc1,16,0.047697190905046684,0.29817110300064087,0.0625
0,CC(=O)OCC1CCC2CC1C2(C)C,14,0.07159685936401872,0.24789810180664062,0.07142857142857142
0,CC(=O)Oc1cccc(C)c1,11,0.07907117646584215,0.28513747453689575,0.09090909090909091
0,CC(=O)OCc1ccccc1C,12,0.06529242175539848,0.28806430101394653,0.08333333333333333
0,CC(=O)C=CC1=C(C)C(=O)CCC1(C)C,15,0.0755840050850762,0.19230978190898895,0.06666666666666667
0,CC1C(=O)CC2CC1C2(C)C,11,0.09569895723139693,0.23656423389911652,0.09090909090909091
0,C=C(C)c1cccc(C(C)CC=O)c1,14,0.06071701446914598,0.12003658711910248,0.07142857142857142
0,CCCC(=O)Oc1ccc(C)cc1,13,0.062265824383446945,0.4240967333316803,0.07692307692307693
0,COCCOC(C)OCc1ccccc1,15,0.04533025738220506,0.17762625217437744,0.06666666666666667
0,CC(C)CCOC(Cc1ccccc1)OCCC(C)C,20,0.04217724278569221,0.12025526165962219,0.05
0,CC1(C)C(=O)C2CCC1C2,10,0.13307986021211837,0.23545682430267334,0.1
0,COc1cc(C(C)=O)ccc1O,12,0.07687231137285569,0.2733553349971771,0.08333333333333333
0,CC(C)C(=O)OCCc1ccccc1,14,0.07230571877988931,0.42366811633110046,0.07142857142857142
0,Cc1ncc2c(n1)COC2,10,0.05624556453276787,0.2940957248210907,0.1
0,C=CCc1ccc(OC)cc1,11,0.04814890423073122,0.1705281287431717,0.09090909090909091
0,CC1(C)C2CC=C(COC=O)C1C2,13,0.07398741492188346,0.19048337638378143,0.07692307692307693
0,Cc1ccc(O)c(C(C)(C)C)c1,12,0.10888257473517489,0.15253493189811707,0.08333333333333333
0,CC(=O)OC(C)(C)c1ccccc1,13,0.10610647791342813,0.19789782166481018,0.07692307692307693
0,CC(=O)n1ccc2ccccc21,12,0.07156021807354473,0.08923029899597168,0.08333333333333333
0,COCC(C)Cc1ccccc1,12,0.06634741778502286,0.13293816149234772,0.08333333333333333
0,CC1=CCC(C(C)C)=CC1,10,0.08320773752933547,0.1606428176164627,0.1
0,O=C(O)C(=O)Cc1ccccc1,12,0.05993467260541688,0.2618415653705597,0.08333333333333333
0,CC(C)c1ccc(C#N)cc1,11,0.07287590256490904,0.1265973448753357,0.09090909090909091
0,CCOC(=O)c1ccc(O)c(O)c1,13,0.04813157607994058,0.2080584019422531,0.07692307692307693
0,CCCCC1(O)C(C)=CC(=O)CC1(C)C,15,0.06826716374732911,0.14675866067409515,0.06666666666666667
0,C=C(C)CCCC(C)CCOC(=O)c1ccccc1,19,0.04775878830585785,0.11375251412391663,0.05263157894736842
0,CCCCCCCCCC(=O)OCCCc1ccccc1,21,0.03663553245881775,0.11194145679473877,0.047619047619047616
0,Cc1occc1SSCc1ccco1,14,0.0507413642127495,0.3144543170928955,0.07142857142857142
0,CC1CCOC(c2ccccc2)C1,13,0.04930008744971922,0.09360537678003311,0.07692307692307693
0,CCCCCCCC(C=O)=Cc1ccccc1,17,0.03384041716337422,0.091962531208992,0.058823529411764705
0,CCCCCC(=O)OCc1ccccc1,15,0.050877003217186176,0.37539055943489075,0.06666666666666667
0,CC(=O)OC1CCCC1,9,0.09494593770949687,0.42040538787841797,0.1111111111111111
0,CCCC1CCOC(C)S1,10,0.09920734916691026,0.7972392439842224,0.1
0,C=C(OCC)C1C(C)(C)CC(=O)CC1(C)C,16,0.06279972139088066,0.13847045600414276,0.0625
0,Cc1ccc2ccc(=O)oc2c1,12,0.04699169434357989,0.20240600407123566,0.08333333333333333
0,CC(C)CCOC(=O)Cc1ccccc1,15,0.05501030287974751,0.44874364137649536,0.06666666666666667
0,c1ccc(Cc2ccccc2)cc1,13,0.02683010616569699,0.07343761622905731,0.07692307692307693
0,CC1=CC(=O)CC(C)(C)C1,10,0.11085247667973311,0.2169996201992035,0.1
0,Cc1ccccc1S,8,0.10370285247027163,0.7095906138420105,0.125
0,CCOc1cc(C=O)ccc1OC(C)=O,15,0.05718142468763866,0.3100036382675171,0.06666666666666667
0,COCc1ccc(OC)cc1,11,0.0615649923997101,0.2670454978942871,0.09090909090909091
0,CC(=O)OC(C)C1CC=C(C)C1(C)C,14,0.0768589741203329,0.22054259479045868,0.07142857142857142
0,CC1(C)CCCC2C(=O)C3CCC21C3,14,0.08442560992161141,0.16949310898780823,0.07142857142857142
0,O=C1OC(C(O)CO)C(O)=C1O,12,0.042158182261587684,0.15821543335914612,0.08333333333333333
0,CSc1ccccc1,8,0.07881412507998013,0.5376233458518982,0.125
0,CC(O)C(=O)OCc1ccccc1,13,0.08139793245152072,0.2920909523963928,0.07692307692307693
0,CC1(CO)CC1CC1CC2CC2(C)C1(C)C,16,0.0617376713641092,0.1383468210697174,0.0625
0,CC(C)(c1ccc(O)cc1)c1ccc(O)cc1,17,0.06561426973123743,0.06977440416812897,0.058823529411764705
0,CCCOC(=O)c1ccccc1,12,0.04843581883792904,0.42891451716423035,0.08333333333333333
0,CC1CCC(C(C)C)CC1=O,11,0.08760746455215783,0.2474251687526703,0.09090909090909091
0,CCCCCCCC1CC=CC(=O)O1,14,0.045112851960467465,0.20065242052078247,0.07142857142857142
0,CC1OCC2(CC=CCC2C)CO1,13,0.060813601572168786,0.19212058186531067,0.07692307692307693
0,CC=Cc1ccc(OC=O)c(OC)c1,14,0.03758724025024715,0.270053893327713,0.07142857142857142
0,CCCC=CCOC(=O)Cc1ccccc1,16,0.04643145309695449,0.22367149591445923,0.0625
0,CC1=C(O)C(=O)C(C(C)C)CC1,12,0.07642381897712887,0.3525385856628418,0.08333333333333333
0,CCCc1ccc(O)cc1,10,0.0646308060626116,0.14850503206253052,0.1
0,CC(=O)c1ccc(C)cc1,10,0.09301651338500169,0.16583864390850067,0.1
0,CC(=O)OC(C)CCc1ccccc1,14,0.06730291491283473,0.21537619829177856,0.07142857142857142
0,CCc1ccc(C=O)cc1,10,0.04494497418851133,0.1485566645860672,0.1
0,Sc1ccccc1,7,0.1036881741601583,0.717513382434845,0.14285714285714285
0,OCCCCCc1ccccc1,12,0.036087741354208266,0.0698394626379013,0.08333333333333333
0,Cc1ccc2c(c1)C(C(C)C)CCC2C,15,0.053527931839622636,0.10901844501495361,0.06666666666666667
0,COC(=O)Cc1ccc(C(C)(C)C)cc1,15,0.09061192126528142,0.15411730110645294,0.06666666666666667
0,C=C1CCC2CC1C2(C)C,10,0.09952352211044993,0.21279795467853546,0.1
0,CC(=CC=O)CCC1CC1(C)C,12,0.09273622999654638,0.2765027582645416,0.08333333333333333
0,CC1OC(c2ccc3c(c2)OCO3)OC1C,16,0.03550109510076994,0.15977855026721954,0.0625
0,CC(=O)CC(C)(C)c1ccccc1,13,0.09085174919158268,0.18085548281669617,0.07692307692307693
0,CCOC(=O)CCc1ccccc1,13,0.062383477648162385,0.4077010750770569,0.07692307692307693
1,COc1ccc(COC(=O)C(C)C)cc1,15,0.07467446919815196,0.2664755582809448,0.06666666666666667
1,CCOC(=O)C=Cc1ccccc1,13,0.08113701513527911,0.2169058918952942,0.07692307692307693
1,Cc1cc(CC(C)C)ccc1CCC=O,15,0.06310750140437732,0.08044630289077759,0.06666666666666667
1,CCCCOC(=O)c1ccc(O)c(OC)c1,16,0.05241299868358207,0.21052545309066772,0.0625
1,CC=CC(=O)OC(C)(C)Cc1ccccc1,16,0.09353569132548628,0.1455744504928589,0.0625
1,C=C(C)C1CCC(C)CC1=O,11,0.08619969052062604,0.30867478251457214,0.09090909090909091
1,CCCOC(=O)C=Cc1ccccc1,14,0.076093639370547,0.2535407543182373,0.07142857142857142
1,CC(C)CC=C(C=O)c1ccccc1,14,0.061551503105691685,0.19234247505664825,0.07142857142857142
1,CC(C)c1ccc(CCC=O)cc1,13,0.06308557597079978,0.09699970483779907,0.07692307692307693
1,CCC(=O)c1cc(OC)c(O)c(OC)c1,15,0.0675411112875234,0.30943357944488525,0.06666666666666667
1,CC(C)(C)C1CCCCC1=O,11,0.10571191276367738,0.2142014056444168,0.09090909090909091
1,COc1ccc(CO)cc1OC,12,0.04517851589144072,0.2594214081764221,0.08333333333333333
1,CCCCCCCC1(C(=O)O)CC1,13,0.0953293265608457,0.21609382331371307,0.07692307692307693
1,CCc1ccc(CC=COC)cc1,13,0.047711083167842186,0.2031376212835312,0.07692307692307693
1,CCC(CC)C(=O)N(C)c1cccc(C)c1,16,0.058430585278426754,0.29089558124542236,0.0625
1,Cc1ccc(O)cc1,8,0.11644344531495807,0.1940479576587677,0.125
1,CCC1=C(C)C(=O)CC(C)C1CC,13,0.07872819661632482,0.13967469334602356,0.07692307692307693
1,CC(=O)OC1CC2CC1C1CCCC21,14,0.07891490266552116,0.09876734018325806,0.07142857142857142
1,CC1CC(C)c2nccnc21,11,0.06109685194163135,0.35372018814086914,0.09090909090909091
1,c1ccc2c(c1)CCCN2,10,0.061338064875891135,0.14162972569465637,0.1
1,CC1CCC(=O)C1=O,8,0.12652421188569057,0.36845043301582336,0.125
1,COc1cc(CCC(C)=O)ccc1O,14,0.09271793503071361,0.34772321581840515,0.07142857142857142
1,CCOC(=O)c1ccccc1CO,13,0.06534196823479424,0.2314974069595337,0.07692307692307693
1,CCOC(=O)CC(=O)c1ccccc1,14,0.0715791792125618,0.2999517619609833,0.07142857142857142
1,CC1(C)C2CCC(CS)C1C2,11,0.09375888070409064,0.19708706438541412,0.09090909090909091
1,CC(C)COC(=O)C=Cc1ccccc1,15,0.072892239781093,0.24893523752689362,0.06666666666666667
1,O=CCOCCc1ccccc1,12,0.02959718090098043,0.22104860842227936,0.08333333333333333
1,CC1(C)COC2(CCCCC2)OC1,13,0.09141723095937501,0.15985874831676483,0.07692307692307693
1,CC1(S)CCC2CC1C2(C)C,11,0.14722424672432619,0.5241014361381531,0.09090909090909091
1,C=Cc1cc(OC)c(O)c(OC)c1,13,0.04069604780402852,0.21272972226142883,0.07692307692307693
1,CCC(C=O)=Cc1ccccc1,12,0.07546380772188167,0.32278379797935486,0.08333333333333333
1,CC(C)(C)c1ccc(CCC=O)cc1,14,0.08576682344827741,0.0692666620016098,0.07142857142857142
1,Cc1nc2ccccc2s1,10,0.09350105565861339,0.3321300446987152,0.1
1,CC1=C(C)CC2(COCOC2)C(C)C1,14,0.05686447389222411,0.16646382212638855,0.07142857142857142
1,C1CNCCN1.O=C(O)CCCCC(=O)O,16,0.07246698748662926,0.17537268996238708,0.0625
1,O=C(O)C1CCCN1,8,0.10655095891855978,0.3229087293148041,0.125
1,CC(C)C(=O)[O-].CCOc1cc(C=O)ccc1O,18,0.06506497751804959,0.18637551367282867,0.05555555555555555
1,O=CC1CCC2C3CCC(C3)C12,12,0.04067492941058065,0.153734028339386,0.08333333333333333
1,Cc1ccc(C(C)C=O)cc1,11,0.07407592213581393,0.2874152362346649,0.09090909090909091
1,O=C1CCC=CCCCCCCCCCC1,16,0.06367660293672894,0.12118841707706451,0.0625
1,COc1ccc(COC(=O)Cc2ccccc2)cc1,19,0.05425179792486508,0.10607477277517319,0.05263157894736842
1,CC=Cc1cc(OC)c(O)c(OC)c1,14,0.038366931221868524,0.12262682616710663,0.07142857142857142
1,CC1OC=CC1=O,7,0.11194093636083081,0.37176474928855896,0.14285714285714285
1,CC(C)(O)c1ccccc1,10,0.13143348376239317,0.0910198763012886,0.1
1,CC(C)C(C=O)c1ccccc1,12,0.06648483201883962,0.27563658356666565,0.08333333333333333
1,CCOC(=O)C(O)Cc1ccccc1,14,0.058072009437805217,0.21446949243545532,0.07142857142857142
1,COC(C=Cc1ccccc1)OC,13,0.038787496558619794,0.25673288106918335,0.07692307692307693
1,CC1=CC(=O)C2CC1C2(C)C,11,0.09336788212119235,0.17434276640415192,0.09090909090909091
1,CCCC(=O)OC(CC)c1ccccc1,15,0.0773389300854081,0.2389041930437088,0.06666666666666667
1,CC12CCCC(OC=O)(C1)C1CC(C)(C)C1CC2,18,0.06225424935917998,0.10994590073823929,0.05555555555555555
1,CC(COC(=O)c1ccccc1)OC(=O)c1ccccc1,21,0.047090949893040676,0.11069991439580917,0.047619047619047616
1,COc1ccc2ccc(=O)oc2c1,13,0.05993105516211849,0.2589191496372223,0.07692307692307693
1,C=C(C)C1CCC(C)=CC1=O,11,0.08204793097693953,0.3649260997772217,0.09090909090909091
1,O.O.O.O.O.O.O.O.OB1O[B-]2(O)OB(O)O[B-](O)(O1)O2.[Na+].[Na+],23,0.044838276874829774,0.10289248079061508,0.043478260869565216
1,c1coc(CSCc2ccco2)c1,13,0.04256898185080146,0.4159244894981384,0.07692307692307693
1,CC(=O)C=Cc1ccccc1,11,0.11316915805107775,0.32153570652008057,0.09090909090909091
1,CCOc1ccc(C(C)=O)cc1,12,0.09059146941976681,0.3523656129837036,0.08333333333333333
1,CCCCCC#CC(=O)OCc1ccccc1,17,0.045402380214457985,0.1908390372991562,0.058823529411764705
1,O=C(C=Cc1ccccc1)OC1CCCCC1,17,0.05948079605563526,0.18591584265232086,0.058823529411764705
1,CCOC(=O)Cc1ccccc1,12,0.08643993159401749,0.2622314691543579,0.08333333333333333
1,O=C(OC1CCCCC1)c1ccccc1O,16,0.05806160798315458,0.1878737360239029,0.0625
1,CC(=O)C1(C)CC2=C(CCCC2(C)C)CC1C,17,0.07609884382149898,0.09135482460260391,0.058823529411764705
1,CCc1cc(OC)c(O)c(OC)c1,13,0.03691306759029169,0.2084328979253769,0.07692307692307693
1,CCCc1ccc(OC)cc1,11,0.06213025790812113,0.22239111363887787,0.09090909090909091
1,CCC(C)C(=O)OCCc1ccccc1,15,0.07023619586808154,0.2140325903892517,0.06666666666666667
1,CC1CCC(CCCC(=O)O)C1(C)C,14,0.0822411032818691,0.16045503318309784,0.07142857142857142
1,CC(C)C1CC(c2ccccc2)C=CO1,15,0.060760741904485625,0.30972662568092346,0.06666666666666667
1,CC1=C(O)C(=O)C(C)S1,9,0.0938946420958172,0.309274822473526,0.1111111111111111
1,C=C1C=CC(C(C)CCC=C(C)C)CC1,15,0.05524861567989311,0.049810901284217834,0.06666666666666667
1,CCCCCCc1ccc(C=CC(OC)OC)cc1,19,0.02770462108469536,0.13492684066295624,0.05263157894736842
1,CCCOC(=O)c1ccccc1N,13,0.06667738676580814,0.25946226716041565,0.07692307692307693
1,CC(=O)[O-].CC(=O)[O-].CCC(=O)c1ccc(F)c(C2CC2NC(=O)Nc2ccc(C#N)cn2)c1O.[Zn+2],36,0.032479526378723506,0.09342179447412491,0.027777777777777776
1,COC(=O)c1ccccc1N=CC=Cc1ccccc1,20,0.03774723572742474,0.06489746272563934,0.05
1,CC1=CC(=O)C(C(C)C)CC1,11,0.08415101700038013,0.38646841049194336,0.09090909090909091
1,CCOc1ccccc1CO,11,0.06196843578398143,0.4141026437282562,0.09090909090909091
1,C=CCCC1=C(C)C(=O)CCC1(C)C,14,0.08442242850767451,0.19394822418689728,0.07142857142857142
1,CCCC(O)Cc1ccccc1,12,0.0738788395508471,0.16285359859466553,0.08333333333333333
1,CCc1cc2c(cc1C(C)=O)C(C)(C)CCC2(C)C,19,0.06086640810916851,0.11376935243606567,0.05263157894736842
1,COC(=O)c1c(C)cc(O)c(C)c1O,14,0.06674438452399586,0.2696244418621063,0.07142857142857142
1,CC(=O)OCc1ccc(C)cc1,12,0.09480020423291591,0.17026731371879578,0.08333333333333333
1,CC1=CC2C(CCC(C)=CCC1)C2(C)C,15,0.06945480164373849,0.0696057379245758,0.06666666666666667
1,C=CCC(C=O)c1ccccc1,12,0.033823839906189174,0.19451399147510529,0.08333333333333333
1,C=CCCC(=O)C1=CC2(CCCC2)CCC1,16,0.06250829772526857,0.1949736475944519,0.0625
1,CCC(=O)OC1CCCCCCCCCCC1,17,0.06770493202840673,0.15456563234329224,0.058823529411764705
1,CC1=CCC(CC#N)C1(C)C,11,0.09994014483525859,0.17703166604042053,0.09090909090909091
1,Cc1oc2ccccc2c1C,11,0.07394324935339548,0.33465495705604553,0.09090909090909091
1,CC(=O)OC=Cc1ccccc1,12,0.0887414451630941,0.19145455956459045,0.08333333333333333
1,O=C(CCc1ccccc1)OCCCc1ccccc1,20,0.057569704412112815,0.16205629706382751,0.05
1,CC(CC=O)CCCC(C)(C)O.c1ccc2[nH]ccc2c1,21,0.06977099424450381,0.06818103790283203,0.047619047619047616
1,CCC1NC(CC)SC(CC)S1,12,0.06792195490963332,0.32458990812301636,0.08333333333333333
1,CC(=O)OCCC1CC=C(C)C1(C)C,14,0.08727989122077127,0.12532013654708862,0.07142857142857142
1,C=CCOC(=O)c1ccccc1,12,0.06959015945876816,0.2984623312950134,0.08333333333333333
1,CC1CCC(C(C)C)C(NC(=O)C2CC2)C1,16,0.05946416995477084,0.14382393658161163,0.0625
1,OCc1ccc(O)cc1,9,0.08713824492832063,0.33121347427368164,0.1111111111111111
1,OC(Cc1ccccc1)c1ccccc1,15,0.0480934328503079,0.11666436493396759,0.06666666666666667
1,CCOC(=O)C1C(C=C(C)C)C1(C)C,14,0.06758794754255074,0.09894896298646927,0.07142857142857142
1,CCCCCC(=O)OCCc1ccccc1,16,0.06945417733665413,0.22226670384407043,0.0625
1,O=C1CCCCCCCCCCCCCCC1,17,0.057213886098308055,0.11739499866962433,0.058823529411764705
1,C1CCCC2(CCC1)CCCO2,12,0.09697073185283153,0.19475483894348145,0.08333333333333333
1,CC(C)C=C(C=O)c1ccccc1,13,0.06457185158515247,0.2344689965248108,0.07692307692307693
1,CC1CCCCCCCCCCCCC(=O)O1,17,0.062083295001679084,0.1406165361404419,0.058823529411764705
1,O=C1CCC2=C(CCCC2)O1,11,0.08953909325224677,0.34117674827575684,0.09090909090909091
1,C=CCOCCc1ccccc1,12,0.02964836686479337,0.29645687341690063,0.08333333333333333
1,CC1C(=O)C2CC1C(C)(C)C2,11,0.10738416711308475,0.20898495614528656,0.09090909090909091
1,CC1=CCC2(CC1)C(C)CCC2C(C)(C)O,16,0.08497208587355305,0.09060899913311005,0.0625
1,C=CC(C)(CCC=C(C)C)OC(=O)c1ccccc1,19,0.0790944498370948,0.09305708110332489,0.05263157894736842
1,CC(C)=CCOC(=O)c1ccccc1,14,0.05976060255259371,0.20838488638401031,0.07142857142857142
1,COC(C)OC(C)OCc1ccccc1,15,0.051343431975711736,0.27776873111724854,0.06666666666666667
1,COc1ccc(C=O)cc1O,11,0.06723411573624281,0.3214585781097412,0.09090909090909091
1,CCOC(=O)CC(O)c1ccccc1,14,0.07064554282688747,0.21311835944652557,0.07142857142857142
1,CCOC(=O)C(C)(O)c1ccccc1,14,0.09329848758250393,0.2193167358636856,0.07142857142857142
1,C=CCc1cc(OC)c(OC)c(OC)c1,15,0.032539544823255946,0.19950395822525024,0.06666666666666667
1,CCCCOC(C)OCCc1ccccc1,16,0.048258878623566384,0.3611186444759369,0.0625
1,CCCCCCCOC(=O)C=Cc1ccccc1,18,0.05756638967387226,0.24171023070812225,0.05555555555555555
1,CC(CC=O)CCc1ccccc1,13,0.04913555599260788,0.07938564568758011,0.07692307692307693
1,CC(CO)C1CCCCCCCCCCC1,16,0.04595798346801487,0.074333555996418,0.0625
1,CC(=O)C1=NCCS1,8,0.1303017120281685,0.3132905066013336,0.125
1,CC(C=O)=Cc1ccccc1,11,0.09747749790036711,0.3350052535533905,0.09090909090909091
1,CC1CC2C3CCC(C3)C2CC1=O,13,0.07771438584310321,0.20461910963058472,0.07692307692307693
1,CSC(=O)c1ccccc1,10,0.08516191062363371,0.307002991437912,0.1
1,CCCCCCCCCC=Nc1ccccc1C(=O)OC,21,0.035949749692586325,0.08773515373468399,0.047619047619047616
1,CCOC(C)OCCc1ccccc1,14,0.05575399895164156,0.3936539888381958,0.07142857142857142
1,O=CCOc1ccccc1,10,0.06302043811236929,0.3262908160686493,0.1
1,c1coc(Cn2cccc2)c1,11,0.05488536137943563,0.2884133458137512,0.09090909090909091
1,CCOC(=O)CCCc1ccccc1,14,0.08082482991042444,0.2494911253452301,0.07142857142857142
1,CC1OCCCCCCCCCCCOC1=O,17,0.046058685127582294,0.13837920129299164,0.058823529411764705
1,CC(=O)CCc1ccccc1,11,0.11800464504370708,0.4512189030647278,0.09090909090909091
1,CC(NC(=O)C(N)CC(=O)O)C(=O)NC1C(C)(C)SC1(C)C,22,0.06429858592731531,0.09385787695646286,0.045454545454545456
1,C=CCCC(=O)c1ccccc1,12,0.07612711256202448,0.5387420654296875,0.08333333333333333
1,Cc1occ2c1SCC2,9,0.08176407305795817,0.4839007556438446,0.1111111111111111
1,CC1=CC(O)CC(C)C2CC(=C(C)C)CC12,16,0.0574981478469613,0.09156160056591034,0.0625
1,CC(=O)OCc1ccc(C)cc1C,13,0.08735361946058272,0.10432646423578262,0.07692307692307693
1,C=C1CC2CCC1C2(C)C,10,0.10530751127936938,0.15861709415912628,0.1
1,CC(CC=O)c1ccccc1,11,0.05393665460325408,0.2311774343252182,0.09090909090909091
1,c1coc(CCc2ccco2)c1,12,0.052282975931126574,0.36806416511535645,0.08333333333333333
1,CC(C)(Cc1ccccc1)OC=O,13,0.11568809424912799,0.20167803764343262,0.07692307692307693
1,CC(CC#N)CCc1ccccc1,13,0.04989515747385356,0.2798120081424713,0.07692307692307693
1,CC1CCC2C(C)(C)C3CC12CCC3(C)O,16,0.07543046838046769,0.08709660172462463,0.0625
1,Cc1ccc(C=O)c(O)c1,10,0.0789373860025164,0.3353329300880432,0.1
1,COCOC1CCCCCCCCCCC1,16,0.044132031673776495,0.06720966100692749,0.0625
1,COc1cc(C=O)ccc1OC(=O)C(C)C,16,0.07130299336667807,0.24243153631687164,0.0625
1,COCc1ccc(O)cc1,10,0.08548641620466246,0.3483171761035919,0.1
1,CCCCCC(=O)OCC=Cc1ccccc1,17,0.06472059093861313,0.2604607939720154,0.058823529411764705
1,CC(=O)OC1C=C(C)C2CC1C2(C)C,14,0.07834505788622134,0.08505676686763763,0.07142857142857142
1,CCCCCOC(=O)c1ccccc1,14,0.06072518673544984,0.3004199266433716,0.07142857142857142
1,CC1=CC(=O)CO1,7,0.11269187650401322,0.3488943576812744,0.14285714285714285
1,CCC(C)C(=O)N(C)c1ccccc1,14,0.07221541232253836,0.38133037090301514,0.07142857142857142
1,CCCc1ccc(O)c(OC)c1,12,0.05428953447631904,0.19830366969108582,0.08333333333333333
1,COc1ccc(C=C(C)C=O)cc1,13,0.08248096040568345,0.24470926821231842,0.07692307692307693
1,CCOC(=O)CC1C=CCC1,11,0.09426813089544082,0.27792853116989136,0.09090909090909091
1,CC1(C)C2CC=C(CO)C1C2,11,0.09262894664275113,0.15846265852451324,0.09090909090909091
1,CC(O)Cc1ccccc1,10,0.10797762705687042,0.31408384442329407,0.1
1,CCOC(=O)OC1=C(C)OC(C)C1=O,14,0.06396519083933565,0.2127922624349594,0.07142857142857142
1,COc1ccccc1C(=O)O,11,0.07521705072073692,0.3057248890399933,0.09090909090909091
1,C=C1CCC2C1C1C(C(C)C)CCC21C,15,0.062179206702059696,0.08513309806585312,0.06666666666666667
1,CC=Cc1ccc(OCC)c(OC)c1,14,0.04404302950431559,0.21785221993923187,0.07142857142857142
1,CCC(C)C(=O)OCc1ccccc1,14,0.07611369839480797,0.2348109781742096,0.07142857142857142
1,CC(=O)c1cc2c(cc1C)C(C)(C)C(C)CC2(C)C,19,0.059248931681772775,0.07852742820978165,0.05263157894736842
1,CCCCCC1OC(=O)C(C)=C1C,13,0.07367050833146505,0.2443600744009018,0.07692307692307693
1,Cc1ccc2c(c1)OC(=O)C2C,12,0.07329103152779783,0.29791510105133057,0.08333333333333333
1,COC(=O)c1ccccc1OC,12,0.06282648596957797,0.22203141450881958,0.08333333333333333
1,CC(C)Oc1cc(C=O)ccc1O,13,0.08597723186560564,0.255657821893692,0.07692307692307693
1,COC(=O)c1ccccc1NC=O,13,0.05942558959289082,0.2057383507490158,0.07692307692307693
1,C=CCc1ccc(OCC)c(OC)c1,14,0.04427412038648915,0.2869528830051422,0.07142857142857142
1,CC(C#N)=Cc1ccccc1,11,0.09274750061147083,0.17633605003356934,0.09090909090909091
1,OCC1COC(Cc2ccccc2)O1,14,0.04180158231172569,0.1956177055835724,0.07142857142857142
1,Cc1ccc(CC(C)C=O)cc1,12,0.07557211329716727,0.2745996415615082,0.08333333333333333
1,C=C(C)C1CC(=O)C2(C)OC2C1,12,0.08669195914437203,0.35627877712249756,0.08333333333333333
1,CC(CC(C)(C)C#N)c1ccccc1,14,0.11158617926982328,0.15621718764305115,0.07142857142857142
1,CCCCCOC(=O)Cc1ccccc1,15,0.0675899634468769,0.2578088641166687,0.06666666666666667
1,OCC1CCC2C3CCC(C3)C12,12,0.04182388516394164,0.030916452407836914,0.08333333333333333
1,CNc1ccccc1C(=O)OCC(C)C,15,0.07072440006018776,0.2063092589378357,0.06666666666666667
1,OC1CCCC1,6,0.13013085438275526,0.25966542959213257,0.16666666666666666
1,C1CCSC1,5,0.11830366504866416,0.7358424663543701,0.2
1,CC(=O)C1CC2=C(C)CC1C(C(C)C)C2,15,0.0733528897210857,0.07871575653553009,0.06666666666666667
1,Nc1ccccc1C(=O)OCc1ccccc1,17,0.04817595558329884,0.08029493689537048,0.058823529411764705
1,CCCCCOC(=O)c1ccccc1O,15,0.05133518638599648,0.24824289977550507,0.06666666666666667
1,CC(C)C1=CCC(CCOC=O)=CC1,14,0.06263164983039984,0.17597806453704834,0.07142857142857142
1,COc1ccc(O)cc1,9,0.08937045701193541,0.3756946325302124,0.1111111111111111
1,COc1ccccc1C(C)=O,11,0.09096209216411692,0.29789453744888306,0.09090909090909091
1,CC1=CCC(CCC(C)CO)C1(C)C,14,0.08598462928255732,0.15225672721862793,0.07142857142857142
1,O=C(O)c1ccccc1,9,0.09951319101379837,0.4272276759147644,0.1111111111111111
1,CCCCCCC(=O)OCc1ccccc1,16,0.0703008421186718,0.21821936964988708,0.0625
1,CC(=O)OCC1CCC2CC1C2(C)C,14,0.08353919373212318,0.13680168986320496,0.07142857142857142
1,CC(=O)Oc1cccc(C)c1,11,0.09614695176171457,0.20283985137939453,0.09090909090909091
1,CC(=O)OCc1ccccc1C,12,0.09463308769472832,0.17676621675491333,0.08333333333333333
1,CC(=O)C=CC1=C(C)C(=O)CCC1(C)C,15,0.08303507590001384,0.2745864689350128,0.06666666666666667
1,CC1C(=O)CC2CC1C2(C)C,11,0.10158783764851467,0.16306766867637634,0.09090909090909091
1,C=C(C)c1cccc(C(C)CC=O)c1,14,0.06218785856928018,0.11452102661132812,0.07142857142857142
1,CCCC(=O)Oc1ccc(C)cc1,13,0.08323503610370267,0.29487213492393494,0.07692307692307693
1,COCCOC(C)OCc1ccccc1,15,0.05129452847857907,0.30574968457221985,0.06666666666666667
1,CC(C)CCOC(Cc1ccccc1)OCCC(C)C,20,0.03924740777901809,0.16383902728557587,0.05
1,CC1(C)C(=O)C2CCC1C2,10,0.1227321286171897,0.281655877828598,0.1
1,COc1cc(C(C)=O)ccc1O,12,0.0890641653063069,0.32606351375579834,0.08333333333333333
1,CC(C)C(=O)OCCc1ccccc1,14,0.07996223637010458,0.25215235352516174,0.07142857142857142
1,Cc1ncc2c(n1)COC2,10,0.08102005802003567,0.2816926836967468,0.1
1,C=CCc1ccc(OC)cc1,11,0.062130257739791514,0.20129401981830597,0.09090909090909091
1,CC1(C)C2CC=C(COC=O)C1C2,13,0.0783754507086169,0.13902547955513,0.07692307692307693
1,Cc1ccc(O)c(C(C)(C)C)c1,12,0.0953783159046837,0.10524910688400269,0.08333333333333333
1,CC(=O)OC(C)(C)c1ccccc1,13,0.10396572141732932,0.12132512032985687,0.07692307692307693
1,CC(=O)n1ccc2ccccc21,12,0.08543361178252962,0.2730293273925781,0.08333333333333333
1,COCC(C)Cc1ccccc1,12,0.06582380342709993,0.21252888441085815,0.08333333333333333
1,CC1=CCC(C(C)C)=CC1,10,0.08768430785249348,0.10422410070896149,0.1
1,O=C(O)C(=O)Cc1ccccc1,12,0.07470618341580668,0.38511720299720764,0.08333333333333333
1,CC(C)c1ccc(C#N)cc1,11,0.07158433094455317,0.1275007426738739,0.09090909090909091
1,CCOC(=O)c1ccc(O)c(O)c1,13,0.06611486961210583,0.2332305759191513,0.07692307692307693
1,CCCCC1(O)C(C)=CC(=O)CC1(C)C,15,0.07345064588015883,0.13286469876766205,0.06666666666666667
1,C=C(C)CCCC(C)CCOC(=O)c1ccccc1,19,0.04794590101648623,0.12938274443149567,0.05263157894736842
1,CCCCCCCCCC(=O)OCCCc1ccccc1,21,0.052754299932996886,0.14416706562042236,0.047619047619047616
1,Cc1occc1SSCc1ccco1,14,0.053791678856400495,0.23410901427268982,0.07142857142857142
1,CC1CCOC(c2ccccc2)C1,13,0.04554022148680169,0.19648095965385437,0.07692307692307693
1,CCCCCCCC(C=O)=Cc1ccccc1,17,0.04383791906602664,0.10539837181568146,0.058823529411764705
1,CCCCCC(=O)OCc1ccccc1,15,0.07498756383442011,0.24422864615917206,0.06666666666666667
1,CC(=O)OC1CCCC1,9,0.12207224714803859,0.40435945987701416,0.1111111111111111
1,CCCC1CCOC(C)S1,10,0.09906665772292353,0.5071892142295837,0.1
1,C=C(OCC)C1C(C)(C)CC(=O)CC1(C)C,16,0.06341903209834711,0.11486094444990158,0.0625
1,Cc1ccc2ccc(=O)oc2c1,12,0.07093035456139726,0.20124006271362305,0.08333333333333333
1,CC(C)CCOC(=O)Cc1ccccc1,15,0.06797322345887656,0.20526665449142456,0.06666666666666667
1,c1ccc(Cc2ccccc2)cc1,13,0.03586327047183963,0.048316214233636856,0.07692307692307693
1,CC1=CC(=O)CC(C)(C)C1,10,0.10454773524041652,0.17944473028182983,0.1
1,Cc1ccccc1S,8,0.11822276745654374,0.22637692093849182,0.125
1,CCOc1cc(C=O)ccc1OC(C)=O,15,0.07049026058779823,0.2213139683008194,0.06666666666666667
1,COCc1ccc(OC)cc1,11,0.06504167380680645,0.3019722104072571,0.09090909090909091
1,CC(=O)OC(C)C1CC=C(C)C1(C)C,14,0.08742303907242173,0.09349410235881805,0.07142857142857142
1,CC1(C)CCCC2C(=O)C3CCC21C3,14,0.08790764489814168,0.11417506635189056,0.07142857142857142
1,O=C1OC(C(O)CO)C(O)=C1O,12,0.05528913886767816,0.1975848376750946,0.08333333333333333
1,CSc1ccccc1,8,0.08678493969984967,0.34717437624931335,0.125
1,CC(O)C(=O)OCc1ccccc1,13,0.08213722752169145,0.26937752962112427,0.07692307692307693
1,CC1(CO)CC1CC1CC2CC2(C)C1(C)C,16,0.06919326750947169,0.11416473239660263,0.0625
1,CC(C)(c1ccc(O)cc1)c1ccc(O)cc1,17,0.05250483452769947,0.09367833286523819,0.058823529411764705
1,CCCOC(=O)c1ccccc1,12,0.07569059223140157,0.31866130232810974,0.08333333333333333
1,CC1CCC(C(C)C)CC1=O,11,0.09467564112283003,0.3159683048725128,0.09090909090909091
1,CCCCCCCC1CC=CC(=O)O1,14,0.06892624026365082,0.21772421896457672,0.07142857142857142
1,CC1OCC2(CC=CCC2C)CO1,13,0.06591433837122297,0.13874492049217224,0.07692307692307693
1,CC=Cc1ccc(OC=O)c(OC)c1,14,0.03989776609919849,0.13112688064575195,0.07142857142857142
1,CCCC=CCOC(=O)Cc1ccccc1,16,0.06295745393007678,0.2598409950733185,0.0625
1,CC1=C(O)C(=O)C(C(C)C)CC1,12,0.08270708406491635,0.41242754459381104,0.08333333333333333
1,CCCc1ccc(O)cc1,10,0.07985086150764094,0.2350105345249176,0.1
1,CC(=O)c1ccc(C)cc1,10,0.1087097718771747,0.30301856994628906,0.1
1,CC(=O)OC(C)CCc1ccccc1,14,0.0854427280356935,0.21074160933494568,0.07142857142857142
1,CCc1ccc(C=O)cc1,10,0.053986805127077486,0.2048214077949524,0.1
1,Sc1ccccc1,7,0.10858283646064121,0.132215216755867,0.14285714285714285
1,OCCCCCc1ccccc1,12,0.03864232490710838,0.214319109916687,0.08333333333333333
1,Cc1ccc2c(c1)C(C(C)C)CCC2C,15,0.05909789802600871,0.07114402204751968,0.06666666666666667
1,COC(=O)Cc1ccc(C(C)(C)C)cc1,15,0.08029216820886395,0.12772217392921448,0.06666666666666667
1,C=C1CCC2CC1C2(C)C,10,0.10479643258771545,0.16309863328933716,0.1
1,CC(=CC=O)CCC1CC1(C)C,12,0.09970403502099531,0.17109988629817963,0.08333333333333333
1,CC1OC(c2ccc3c(c2)OCO3)OC1C,16,0.042748959681951804,0.19790604710578918,0.0625
1,CC(=O)CC(C)(C)c1ccccc1,13,0.09512596232556855,0.16570478677749634,0.07692307692307693
1,CCOC(=O)CCc1ccccc1,13,0.0904298393453178,0.2728210687637329,0.07692307692307693
2,COc1ccc(COC(=O)C(C)C)cc1,15,0.06335314388189467,0.27412164211273193,0.06666666666666667
2,CCOC(=O)C=Cc1ccccc1,13,0.07762161329407205,0.17594163119792938,0.07692307692307693
2,Cc1cc(CC(C)C)ccc1CCC=O,15,0.059978209081691845,0.0718638002872467,0.06666666666666667
2,CCCCOC(=O)c1ccc(O)c(OC)c1,16,0.05167920944224121,0.21977505087852478,0.0625
2,CC=CC(=O)OC(C)(C)Cc1ccccc1,16,0.09497400918746271,0.24388538300991058,0.0625
2,C=C(C)C1CCC(C)CC1=O,11,0.0814826964880481,0.16717392206192017,0.09090909090909091
2,CCCOC(=O)C=Cc1ccccc1,14,0.07134177606773348,0.22883081436157227,0.07142857142857142
2,CC(C)CC=C(C=O)c1ccccc1,14,0.056932756467377665,0.0991840735077858,0.07142857142857142
2,CC(C)c1ccc(CCC=O)cc1,13,0.05827209731254172,0.07263588905334473,0.07692307692307693
2,CCC(=O)c1cc(OC)c(O)c(OC)c1,15,0.0625526685578738,0.20717765390872955,0.06666666666666667
2,CC(C)(C)C1CCCCC1=O,11,0.10888583646782943,0.14829224348068237,0.09090909090909091
2,COc1ccc(CO)cc1OC,12,0.04251134137609398,0.24058818817138672,0.08333333333333333
2,CCCCCCCC1(C(=O)O)CC1,13,0.08983653152324411,0.08884629607200623,0.07692307692307693
2,CCc1ccc(CC=COC)cc1,13,0.043524970270020114,0.1455966830253601,0.07692307692307693
2,CCC(CC)C(=O)N(C)c1cccc(C)c1,16,0.050400302132343304,0.09035040438175201,0.0625
2,Cc1ccc(O)cc1,8,0.10549499610841584,0.10995945334434509,0.125
2,CCC1=C(C)C(=O)CC(C)C1CC,13,0.07293625535739917,0.10492992401123047,0.07692307692307693
2,CC(=O)OC1CC2CC1C1CCCC21,14,0.06903515077131481,0.08234419673681259,0.07142857142857142
2,CC1CC(C)c2nccnc21,11,0.06034681607767959,0.20803841948509216,0.09090909090909091
2,c1ccc2c(c1)CCCN2,10,0.050139841364014795,0.07829256355762482,0.1
2,CC1CCC(=O)C1=O,8,0.11880754052721106,0.18417683243751526,0.125
2,COc1cc(CCC(C)=O)ccc1O,14,0.0931374815724835,0.29324090480804443,0.07142857142857142
2,CCOC(=O)c1ccccc1CO,13,0.05416198671661358,0.19816748797893524,0.07692307692307693
2,CCOC(=O)CC(=O)c1ccccc1,14,0.056149665049038,0.20780690014362335,0.07142857142857142
2,CC1(C)C2CCC(CS)C1C2,11,0.10649978362667442,0.2638654410839081,0.09090909090909091
2,CC(C)COC(=O)C=Cc1ccccc1,15,0.0684484812086058,0.23491403460502625,0.06666666666666667
2,O=CCOCCc1ccccc1,12,0.036997021992389675,0.09807276725769043,0.08333333333333333
2,CC1(C)COC2(CCCCC2)OC1,13,0.09501881457280617,0.16252221167087555,0.07692307692307693
2,CC1(S)CCC2CC1C2(C)C,11,0.1630422689648861,0.7124317288398743,0.09090909090909091
2,C=Cc1cc(OC)c(O)c(OC)c1,13,0.04223954566710583,0.25091663002967834,0.07692307692307693
2,CCC(C=O)=Cc1ccccc1,12,0.04813350293288522,0.09016942232847214,0.08333333333333333
2,CC(C)(C)c1ccc(CCC=O)cc1,14,0.08868343570940382,0.13244178891181946,0.07142857142857142
2,Cc1nc2ccccc2s1,10,0.07178263763832894,0.23805604875087738,0.1
2,CC1=C(C)CC2(COCOC2)C(C)C1,14,0.06071083706734051,0.14613690972328186,0.07142857142857142
2,C1CNCCN1.O=C(O)CCCCC(=O)O,16,0.07410302837522081,0.15839660167694092,0.0625
2,O=C(O)C1CCCN1,8,0.09916295083473542,0.37604576349258423,0.125
2,CC(C)C(=O)[O-].CCOc1cc(C=O)ccc1O,18,0.06062062611892423,0.26757651567459106,0.05555555555555555
2,O=CC1CCC2C3CCC(C3)C12,12,0.044707056419323966,0.1081637591123581,0.08333333333333333
2,Cc1ccc(C(C)C=O)cc1,11,0.07380349330422667,0.1051807850599289,0.09090909090909091
2,O=C1CCC=CCCCCCCCCCC1,16,0.05635181149815666,0.07912281900644302,0.0625
2,COc1ccc(COC(=O)Cc2ccccc2)cc1,19,0.04013872650132412,0.180132657289505,0.05263157894736842
2,CC=Cc1cc(OC)c(O)c(OC)c1,14,0.038552969421417164,0.248571515083313,0.07142857142857142
2,CC1OC=CC1=O,7,0.11632805826727273,0.22588574886322021,0.14285714285714285
2,CC(C)(O)c1ccccc1,10,0.14811904391774114,0.11572609096765518,0.1
2,CC(C)C(C=O)c1ccccc1,12,0.06027724094677418,0.09575144946575165,0.08333333333333333
2,CCOC(=O)C(O)Cc1ccccc1,14,0.056336179155786134,0.12830513715744019,0.07142857142857142
2,COC(C=Cc1ccccc1)OC,13,0.04363221303845023,0.09105344861745834,0.07692307692307693
2,CC1=CC(=O)C2CC1C2(C)C,11,0.09612234385747542,0.1545127034187317,0.09090909090909091
2,CCCC(=O)OC(CC)c1ccccc1,15,0.06168500177863655,0.3221490681171417,0.06666666666666667
2,CC12CCCC(OC=O)(C1)C1CC(C)(C)C1CC2,18,0.06493245842344539,0.12096139788627625,0.05555555555555555
2,CC(COC(=O)c1ccccc1)OC(=O)c1ccccc1,21,0.042106875959001554,0.0978321060538292,0.047619047619047616
2,COc1ccc2ccc(=O)oc2c1,13,0.05941312551857186,0.17260333895683289,0.07692307692307693
2,C=C(C)C1CCC(C)=CC1=O,11,0.08411210713128947,0.20069962739944458,0.09090909090909091
2,O.O.O.O.O.O.O.O.OB1O[B-]2(O)OB(O)O[B-](O)(O1)O2.[Na+].[Na+],23,0.04703548254358011,0.08047067373991013,0.043478260869565216
2,c1coc(CSCc2ccco2)c1,13,0.043504323000294096,0.512647271156311,0.07692307692307693
2,CC(=O)C=Cc1ccccc1,11,0.11142475607074528,0.10656322538852692,0.09090909090909091
2,CCOc1ccc(C(C)=O)cc1,12,0.08674119880881176,0.3154056668281555,0.08333333333333333
2,CCCCCC#CC(=O)OCc1ccccc1,17,0.04602979059289298,0.1732589155435562,0.058823529411764705
2,O=C(C=Cc1ccccc1)OC1CCCCC1,17,0.057026365666189995,0.23586344718933105,0.058823529411764705
2,CCOC(=O)Cc1ccccc1,12,0.06542334142349664,0.2579392194747925,0.08333333333333333
2,O=C(OC1CCCCC1)c1ccccc1O,16,0.05080134793036481,0.28257718682289124,0.0625
2,CC(=O)C1(C)CC2=C(CCCC2(C)C)CC1C,17,0.07998726676492317,0.09687735885381699,0.058823529411764705
2,CCc1cc(OC)c(O)c(OC)c1,13,0.036561850977893655,0.25074005126953125,0.07692307692307693
2,CCCc1ccc(OC)cc1,11,0.053305502070383814,0.20234261453151703,0.09090909090909091
2,CCC(C)C(=O)OCCc1ccccc1,15,0.06079281055819289,0.22686584293842316,0.06666666666666667
2,CC1CCC(CCCC(=O)O)C1(C)C,14,0.08789726936247916,0.20621486008167267,0.07142857142857142
2,CC(C)C1CC(c2ccccc2)C=CO1,15,0.04865132255240057,0.17891396582126617,0.06666666666666667
2,CC1=C(O)C(=O)C(C)S1,9,0.09724185103733515,0.43156030774116516,0.1111111111111111
2,C=C1C=CC(C(C)CCC=C(C)C)CC1,15,0.05605106013047218,0.09919348359107971,0.06666666666666667
2,CCCCCCc1ccc(C=CC(OC)OC)cc1,19,0.029853618665490397,0.08912266790866852,0.05263157894736842
2,CCCOC(=O)c1ccccc1N,13,0.052238310639128524,0.2614487111568451,0.07692307692307693
2,CC(=O)[O-].CC(=O)[O-].CCC(=O)c1ccc(F)c(C2CC2NC(=O)Nc2ccc(C#N)cn2)c1O.[Zn+2],36,0.033095528864410965,0.10580641031265259,0.027777777777777776
2,COC(=O)c1ccccc1N=CC=Cc1ccccc1,20,0.030042919402513038,0.07221834361553192,0.05
2,CC1=CC(=O)C(C(C)C)CC1,11,0.08405950772471216,0.22236646711826324,0.09090909090909091
2,CCOc1ccccc1CO,11,0.049460149127913106,0.4377863109111786,0.09090909090909091
2,C=CCCC1=C(C)C(=O)CCC1(C)C,14,0.08862599407355524,0.12206097692251205,0.07142857142857142
2,CCCC(O)Cc1ccccc1,12,0.07559610899419972,0.11285639554262161,0.08333333333333333
2,CCc1cc2c(cc1C(C)=O)C(C)(C)CCC2(C)C,19,0.06718652306284781,0.11714482307434082,0.05263157894736842
2,COC(=O)c1c(C)cc(O)c(C)c1O,14,0.05344619490911956,0.24316033720970154,0.07142857142857142
2,CC(=O)OCc1ccc(C)cc1,12,0.08231658313920413,0.31406348943710327,0.08333333333333333
2,CC1=CC2C(CCC(C)=CCC1)C2(C)C,15,0.07513732978871708,0.09761743992567062,0.06666666666666667
2,C=CCC(C=O)c1ccccc1,12,0.031039236448867608,0.0724199116230011,0.08333333333333333
2,C=CCCC(=O)C1=CC2(CCCC2)CCC1,16,0.05799567226569396,0.13073310256004333,0.0625
2,CCC(=O)OC1CCCCCCCCCCC1,17,0.05624960161307464,0.10493575036525726,0.058823529411764705
2,CC1=CCC(CC#N)C1(C)C,11,0.10087300561949025,0.10722887516021729,0.09090909090909091
2,Cc1oc2ccccc2c1C,11,0.06654290291953413,0.11020930856466293,0.09090909090909091
2,CC(=O)OC=Cc1ccccc1,12,0.07813810315896717,0.18039678037166595,0.08333333333333333
2,O=C(CCc1ccccc1)OCCCc1ccccc1,20,0.04533940264087058,0.13209539651870728,0.05
2,CC(CC=O)CCCC(C)(C)O.c1ccc2[nH]ccc2c1,21,0.07931837725446304,0.10129381716251373,0.047619047619047616
2,CCC1NC(CC)SC(CC)S1,12,0.06661021468034872,0.4239315390586853,0.08333333333333333
2,CC(=O)OCCC1CC=C(C)C1(C)C,14,0.08479388618067318,0.07612498849630356,0.07142857142857142
2,C=CCOC(=O)c1ccccc1,12,0.06583187124328907,0.2683904767036438,0.08333333333333333
2,CC1CCC(C(C)C)C(NC(=O)C2CC2)C1,16,0.06008822994588364,0.10592994093894958,0.0625
2,OCc1ccc(O)cc1,9,0.08351575603900482,0.21639889478683472,0.1111111111111111
2,OC(Cc1ccccc1)c1ccccc1,15,0.05289675436565736,0.06876198947429657,0.06666666666666667
2,CCOC(=O)C1C(C=C(C)C)C1(C)C,14,0.07356047926132014,0.08983814716339111,0.07142857142857142
2,CCCCCC(=O)OCCc1ccccc1,16,0.05774773171044299,0.14499805867671967,0.0625
2,O=C1CCCCCCCCCCCCCCC1,17,0.052100685208884764,0.07610815763473511,0.058823529411764705
2,C1CCCC2(CCC1)CCCO2,12,0.09792028430037969,0.11446911841630936,0.08333333333333333
2,CC(C)C=C(C=O)c1ccccc1,13,0.058787774963488866,0.10450048744678497,0.07692307692307693
2,CC1CCCCCCCCCCCCC(=O)O1,17,0.05956276584587133,0.08080632984638214,0.058823529411764705
2,O=C1CCC2=C(CCCC2)O1,11,0.08159903960806428,0.19246624410152435,0.09090909090909091
2,C=CCOCCc1ccccc1,12,0.03699702206130198,0.2025083303451538,0.08333333333333333
2,CC1C(=O)C2CC1C(C)(C)C2,11,0.11263984138387605,0.12591588497161865,0.09090909090909091
2,CC1=CCC2(CC1)C(C)CCC2C(C)(C)O,16,0.09449653311330487,0.10786435008049011,0.0625
2,C=CC(C)(CCC=C(C)C)OC(=O)c1ccccc1,19,0.07773675276926566,0.13453303277492523,0.05263157894736842
2,CC(C)=CCOC(=O)c1ccccc1,14,0.05674908756056389,0.281204491853714,0.07142857142857142
2,COC(C)OC(C)OCc1ccccc1,15,0.04916844629370835,0.09759540855884552,0.06666666666666667
2,COc1ccc(C=O)cc1O,11,0.05507604632400012,0.29203423857688904,0.09090909090909091
2,CCOC(=O)CC(O)c1ccccc1,14,0.06360919673912142,0.14934436976909637,0.07142857142857142
2,CCOC(=O)C(C)(O)c1ccccc1,14,0.09777260869425339,0.16934068500995636,0.07142857142857142
2,C=CCc1cc(OC)c(OC)c(OC)c1,15,0.03129245047936964,0.1478550136089325,0.06666666666666667
2,CCCCOC(C)OCCc1ccccc1,16,0.04561974479219127,0.14801856875419617,0.0625
2,CCCCCCCOC(=O)C=Cc1ccccc1,18,0.055815589479282085,0.159441277384758,0.05555555555555555
2,CC(CC=O)CCc1ccccc1,13,0.04345259037169042,0.07653900980949402,0.07692307692307693
2,CC(CO)C1CCCCCCCCCCC1,16,0.043395574543188875,0.0672057643532753,0.0625
2,CC(=O)C1=NCCS1,8,0.11342955049109418,0.39081817865371704,0.125
2,CC(C=O)=Cc1ccccc1,11,0.07310793713467405,0.09645650535821915,0.09090909090909091
2,CC1CC2C3CCC(C3)C2CC1=O,13,0.0730613438027923,0.1697043776512146,0.07692307692307693
2,CSC(=O)c1ccccc1,10,0.07458742323226022,0.6374687552452087,0.1
2,CCCCCCCCCC=Nc1ccccc1C(=O)OC,21,0.028270882549269086,0.0944070890545845,0.047619047619047616
2,CCOC(C)OCCc1ccccc1,14,0.05376954137116189,0.15514124929904938,0.07142857142857142
2,O=CCOc1ccccc1,10,0.05047603783389916,0.33696964383125305,0.1
2,c1coc(Cn2cccc2)c1,11,0.06818360794263283,0.14769582450389862,0.09090909090909091
2,CCOC(=O)CCCc1ccccc1,14,0.0665913180105836,0.20947451889514923,0.07142857142857142
2,CC1OCCCCCCCCCCCOC1=O,17,0.048924474482255675,0.08142311871051788,0.058823529411764705
2,CC(=O)CCc1ccccc1,11,0.11853861588354302,0.10855190455913544,0.09090909090909091
2,CC(NC(=O)C(N)CC(=O)O)C(=O)NC1C(C)(C)SC1(C)C,22,0.05929004921590063,0.2528788149356842,0.045454545454545456
2,C=CCCC(=O)c1ccccc1,12,0.06903742447881715,0.0519813597202301,0.08333333333333333
2,Cc1occ2c1SCC2,9,0.08032729464611826,0.5608827471733093,0.1111111111111111
2,CC1=CC(O)CC(C)C2CC(=C(C)C)CC12,16,0.053625868239710314,0.060756560415029526,0.0625
2,CC(=O)OCc1ccc(C)cc1C,13,0.07712408582908864,0.3078160881996155,0.07692307692307693
2,C=C1CC2CCC1C2(C)C,10,0.1209298443932891,0.14569708704948425,0.1
2,CC(CC=O)c1ccccc1,11,0.051578360976594864,0.0911024808883667,0.09090909090909091
2,c1coc(CCc2ccco2)c1,12,0.06377530511460269,0.24235719442367554,0.08333333333333333
2,CC(C)(Cc1ccccc1)OC=O,13,0.1184617689786813,0.26658084988594055,0.07692307692307693
2,CC(CC#N)CCc1ccccc1,13,0.05880427135760869,0.18263216316699982,0.07692307692307693
2,CC1CCC2C(C)(C)C3CC12CCC3(C)O,16,0.09699164484102649,0.09911715239286423,0.0625
2,Cc1ccc(C=O)c(O)c1,10,0.07371987553519091,0.1256275326013565,0.1
2,COCOC1CCCCCCCCCCC1,16,0.04546583960330262,0.07651405036449432,0.0625
2,COc1cc(C=O)ccc1OC(=O)C(C)C,16,0.060007001652043604,0.2933085560798645,0.0625
2,COCc1ccc(O)cc1,10,0.08235123145815311,0.14676181972026825,0.1
2,CCCCCC(=O)OCC=Cc1ccccc1,17,0.05134005002522299,0.21994130313396454,0.058823529411764705
2,CC(=O)OC1C=C(C)C2CC1C2(C)C,14,0.07874548250275527,0.11414005607366562,0.07142857142857142
2,CCCCCOC(=O)c1ccccc1,14,0.059169064110343436,0.2944699227809906,0.07142857142857142
2,CC1=CC(=O)CO1,7,0.1246587604838263,0.27939075231552124,0.14285714285714285
2,CCC(C)C(=O)N(C)c1ccccc1,14,0.0630507461298514,0.10441352427005768,0.07142857142857142
2,CCCc1ccc(O)c(OC)c1,12,0.05594621681213714,0.32783252000808716,0.08333333333333333
2,COc1ccc(C=C(C)C=O)cc1,13,0.0618605635451572,0.13274894654750824,0.07692307692307693
2,CCOC(=O)CC1C=CCC1,11,0.08442960995616333,0.1528044044971466,0.09090909090909091
2,CC1(C)C2CC=C(CO)C1C2,11,0.10576059154322173,0.12237086892127991,0.09090909090909091
2,CC(O)Cc1ccccc1,10,0.10856011029366665,0.09113851934671402,0.1
2,CCOC(=O)OC1=C(C)OC(C)C1=O,14,0.06537339022662433,0.1602964997291565,0.07142857142857142
2,COc1ccccc1C(=O)O,11,0.07478827669370822,0.33001387119293213,0.09090909090909091
2,C=C1CCC2C1C1C(C(C)C)CCC21C,15,0.07020829259538676,0.12429212033748627,0.06666666666666667
2,CC=Cc1ccc(OCC)c(OC)c1,14,0.04267385436714788,0.24988427758216858,0.07142857142857142
2,CCC(C)C(=O)OCc1ccccc1,14,0.0642776874711034,0.33534860610961914,0.07142857142857142
2,CC(=O)c1cc2c(cc1C)C(C)(C)C(C)CC2(C)C,19,0.06542065086071952,0.09319540858268738,0.05263157894736842
2,CCCCCC1OC(=O)C(C)=C1C,13,0.06629395616226524,0.09331132471561432,0.07692307692307693
2,Cc1ccc2c(c1)OC(=O)C2C,12,0.07189811357906403,0.18308007717132568,0.08333333333333333
2,COC(=O)c1ccccc1OC,12,0.04915779779494173,0.1374441385269165,0.08333333333333333
2,CC(C)Oc1cc(C=O)ccc1O,13,0.08018983136384915,0.3959815800189972,0.07692307692307693
2,COC(=O)c1ccccc1NC=O,13,0.04580750429107208,0.09272678941488266,0.07692307692307693
2,C=CCc1ccc(OCC)c(OC)c1,14,0.039304592584476473,0.2374332845211029,0.07142857142857142
2,CC(C#N)=Cc1ccccc1,11,0.09054970576917684,0.11183518171310425,0.09090909090909091
2,OCC1COC(Cc2ccccc2)O1,14,0.037487194048470535,0.08440347015857697,0.07142857142857142
2,Cc1ccc(CC(C)C=O)cc1,12,0.06681541411265321,0.09705861657857895,0.08333333333333333
2,C=C(C)C1CC(=O)C2(C)OC2C1,12,0.09712670725374166,0.17148104310035706,0.08333333333333333
2,CC(CC(C)(C)C#N)c1ccccc1,14,0.11495436509622811,0.11383804678916931,0.07142857142857142
2,CCCCCOC(=O)Cc1ccccc1,15,0.051989212077240235,0.2123727798461914,0.06666666666666667
2,OCC1CCC2C3CCC(C3)C12,12,0.04276416474769946,0.0556979700922966,0.08333333333333333
2,CNc1ccccc1C(=O)OCC(C)C,15,0.06764677805059058,0.2430645376443863,0.06666666666666667
2,OC1CCCC1,6,0.14700437295844626,0.1970091164112091,0.16666666666666666
2,C1CCSC1,5,0.13818952105254415,0.6024925708770752,0.2
2,CC(=O)C1CC2=C(C)CC1C(C(C)C)C2,15,0.07908070520529507,0.060275599360466,0.06666666666666667
2,Nc1ccccc1C(=O)OCc1ccccc1,17,0.03943956551284393,0.11631959676742554,0.058823529411764705
2,CCCCCOC(=O)c1ccccc1O,15,0.051518465409485965,0.30123111605644226,0.06666666666666667
2,CC(C)C1=CCC(CCOC=O)=CC1,14,0.05178383554896021,0.1345016360282898,0.07142857142857142
2,COc1ccc(O)cc1,9,0.08805432126722652,0.32864290475845337,0.1111111111111111
2,COc1ccccc1C(C)=O,11,0.09104894881589254,0.24375107884407043,0.09090909090909091
2,CC1=CCC(CCC(C)CO)C1(C)C,14,0.08584365077376624,0.10464179515838623,0.07142857142857142
2,O=C(O)c1ccccc1,9,0.09764992272804121,0.27917927503585815,0.1111111111111111
2,CCCCCCC(=O)OCc1ccccc1,16,0.05668089936227129,0.21335406601428986,0.0625
2,CC(=O)OCC1CCC2CC1C2(C)C,14,0.08535130114302997,0.1147710308432579,0.07142857142857142
2,CC(=O)Oc1cccc(C)c1,11,0.08635225839113442,0.2941865026950836,0.09090909090909091
2,CC(=O)OCc1ccccc1C,12,0.08355109404296207,0.32227587699890137,0.08333333333333333
2,CC(=O)C=CC1=C(C)C(=O)CCC1(C)C,15,0.08188287360729946,0.09290668368339539,0.06666666666666667
2,CC1C(=O)CC2CC1C2(C)C,11,0.10962692180866668,0.14376291632652283,0.09090909090909091
2,C=C(C)c1cccc(C(C)CC=O)c1,14,0.05303535890505757,0.08882512897253036,0.07142857142857142
2,CCCC(=O)Oc1ccc(C)cc1,13,0.06605239657129686,0.3785531520843506,0.07692307692307693
2,COCCOC(C)OCc1ccccc1,15,0.048152833993647635,0.13274212181568146,0.06666666666666667
2,CC(C)CCOC(Cc1ccccc1)OCCC(C)C,20,0.03710929289615436,0.11970862001180649,0.05
2,CC1(C)C(=O)C2CCC1C2,10,0.14540001927008228,0.14470143616199493,0.1
2,COc1cc(C(C)=O)ccc1O,12,0.08586259692379031,0.30741190910339355,0.08333333333333333
2,CC(C)C(=O)OCCc1ccccc1,14,0.06744058606599203,0.26713621616363525,0.07142857142857142
2,Cc1ncc2c(n1)COC2,10,0.07271110259223869,0.2024204432964325,0.1
2,C=CCc1ccc(OC)cc1,11,0.053305501877822875,0.15227635204792023,0.09090909090909091
2,CC1(C)C2CC=C(COC=O)C1C2,13,0.08988861631880099,0.12687696516513824,0.07692307692307693
2,Cc1ccc(O)c(C(C)(C)C)c1,12,0.10271431956939794,0.09500964730978012,0.08333333333333333
2,CC(=O)OC(C)(C)c1ccccc1,13,0.1045809237950342,0.2815507650375366,0.07692307692307693
2,CC(=O)n1ccc2ccccc21,12,0.08219846861394305,0.12263473868370056,0.08333333333333333
2,COCC(C)Cc1ccccc1,12,0.06372045981849289,0.23689045011997223,0.08333333333333333
2,CC1=CCC(C(C)C)=CC1,10,0.07249735940746316,0.08895829319953918,0.1
2,O=C(O)C(=O)Cc1ccccc1,12,0.07200352536968693,0.240835502743721,0.08333333333333333
2,CC(C)c1ccc(C#N)cc1,11,0.06535257383437126,0.07749626040458679,0.09090909090909091
2,CCOC(=O)c1ccc(O)c(O)c1,13,0.06329803401893963,0.24610094726085663,0.07692307692307693
2,CCCCC1(O)C(C)=CC(=O)CC1(C)C,15,0.08544245958643286,0.16032424569129944,0.06666666666666667
2,C=C(C)CCCC(C)CCOC(=O)c1ccccc1,19,0.050193316704602135,0.08630050718784332,0.05263157894736842
2,CCCCCCCCCC(=O)OCCCc1ccccc1,21,0.04391833671206302,0.057947345077991486,0.047619047619047616
2,Cc1occc1SSCc1ccco1,14,0.053492535824799424,0.3219603896141052,0.07142857142857142
2,CC1CCOC(c2ccccc2)C1,13,0.044085974792475155,0.08803240209817886,0.07692307692307693
2,CCCCCCCC(C=O)=Cc1ccccc1,17,0.034750126950332375,0.09399743378162384,0.058823529411764705
2,CCCCCC(=O)OCc1ccccc1,15,0.060459626202267795,0.2552211880683899,0.06666666666666667
2,CC(=O)OC1CCCC1,9,0.10915515637515767,0.32866960763931274,0.1111111111111111
2,CCCC1CCOC(C)S1,10,0.0969197443731436,0.6106525659561157,0.1
2,C=C(OCC)C1C(C)(C)CC(=O)CC1(C)C,16,0.06601055547784894,0.17623288929462433,0.0625
2,Cc1ccc2ccc(=O)oc2c1,12,0.06634495973301464,0.09391584247350693,0.08333333333333333
2,CC(C)CCOC(=O)Cc1ccccc1,15,0.05180313660798899,0.28093045949935913,0.06666666666666667
2,c1ccc(Cc2ccccc2)cc1,13,0.027859862352350134,0.05956071615219116,0.07692307692307693
2,CC1=CC(=O)CC(C)(C)C1,10,0.11436293214586404,0.14490830898284912,0.1
2,Cc1ccccc1S,8,0.12591983215351826,0.6288349628448486,0.125
2,CCOc1cc(C=O)ccc1OC(C)=O,15,0.0637725297302619,0.2535492479801178,0.06666666666666667
2,COCc1ccc(OC)cc1,11,0.054283983289437024,0.22642700374126434,0.09090909090909091
2,CC(=O)OC(C)C1CC=C(C)C1(C)C,14,0.08812721876051118,0.06301264464855194,0.07142857142857142
2,CC1(C)CCCC2C(=O)C3CCC21C3,14,0.09073207837121502,0.1179446205496788,0.07142857142857142
2,O=C1OC(C(O)CO)C(O)=C1O,12,0.049403377188983515,0.16824199259281158,0.08333333333333333
2,CSc1ccccc1,8,0.09539044893700943,0.6450903415679932,0.125
2,CC(O)C(=O)OCc1ccccc1,13,0.07004363811966424,0.2595585584640503,0.07692307692307693
2,CC1(CO)CC1CC1CC2CC2(C)C1(C)C,16,0.07626243466041074,0.09002247452735901,0.0625
2,CC(C)(c1ccc(O)cc1)c1ccc(O)cc1,17,0.06306973757245901,0.0646575316786766,0.058823529411764705
2,CCCOC(=O)c1ccccc1,12,0.06858233133360282,0.26626986265182495,0.08333333333333333
2,CC1CCC(C(C)C)CC1=O,11,0.08844053559429961,0.2283625602722168,0.09090909090909091
2,CCCCCCCC1CC=CC(=O)O1,14,0.06675906741873437,0.08518026769161224,0.07142857142857142
2,CC1OCC2(CC=CCC2C)CO1,13,0.07058555257490959,0.1826111525297165,0.07692307692307693
2,CC=Cc1ccc(OC=O)c(OC)c1,14,0.038263992580200926,0.2714240550994873,0.07142857142857142
2,CCCC=CCOC(=O)Cc1ccccc1,16,0.04565142632624402,0.13371442258358002,0.0625
2,CC1=C(O)C(=O)C(C(C)C)CC1,12,0.07713546681798819,0.3855505585670471,0.08333333333333333
2,CCCc1ccc(O)cc1,10,0.0754130001618594,0.13271522521972656,0.1
2,CC(=O)c1ccc(C)cc1,10,0.10408943401097764,0.12036284804344177,0.1
2,CC(=O)OC(C)CCc1ccccc1,14,0.07557186949679268,0.16817229986190796,0.07142857142857142
2,CCc1ccc(C=O)cc1,10,0.04454752610804766,0.11269707977771759,0.1
2,Sc1ccccc1,7,0.11733703966181219,0.46089431643486023,0.14285714285714285
2,OCCCCCc1ccccc1,12,0.040183388988404706,0.0988735780119896,0.08333333333333333
2,Cc1ccc2c(c1)C(C(C)C)CCC2C,15,0.05133080461236005,0.07271803915500641,0.06666666666666667
2,COC(=O)Cc1ccc(C(C)(C)C)cc1,15,0.0827712112869834,0.16469630599021912,0.06666666666666667
2,C=C1CCC2CC1C2(C)C,10,0.11851057631739106,0.1488482803106308,0.1
2,CC(=CC=O)CCC1CC1(C)C,12,0.10028409221129626,0.1414887011051178,0.08333333333333333
2,CC1OC(c2ccc3c(c2)OCO3)OC1C,16,0.040553572918992434,0.10408147424459457,0.0625
2,CC(=O)CC(C)(C)c1ccccc1,13,0.09550770864566654,0.1665048897266388,0.07692307692307693
2,CCOC(=O)CCc1ccccc1,13,0.07078785384849873,0.24675852060317993,0.07692307692307693
