seed,molecule,method,atom_idx,symbol,score
0,ethanol,attention,0,C,0.26935732065294854
0,ethanol,attention,1,C,0.4047138339709217
0,ethanol,attention,2,O,0.3259288453761297
0,ethanol,integrated_gradients,0,C,0.2671535611152649
0,ethanol,integrated_gradients,1,C,0.2492949664592743
0,ethanol,integrated_gradients,2,O,0.4835514724254608
0,acetaldehyde,attention,0,C,0.21926590686969533
0,acetaldehyde,attention,1,C,0.47948246014928614
0,acetaldehyde,attention,2,O,0.30125163298101854
0,acetaldehyde,integrated_gradients,0,C,0.265713632106781
0,acetaldehyde,integrated_gradients,1,C,0.4283762574195862
0,acetaldehyde,integrated_gradients,2,O,0.3059100806713104
0,acetone,attention,0,C,0.1689276041143755
0,acetone,attention,1,C,0.4600247022508348
0,acetone,attention,2,C,0.1689276041143755
0,acetone,attention,3,O,0.20212008952041424
0,acetone,integrated_gradients,0,C,0.1636819839477539
0,acetone,integrated_gradients,1,C,0.40071985125541687
0,acetone,integrated_gradients,2,C,0.1636819839477539
0,acetone,integrated_gradients,3,O,0.27191615104675293
0,butan-1-ol,attention,0,C,0.18067060293687323
0,butan-1-ol,attention,1,C,0.24578889981330543
0,butan-1-ol,attention,2,C,0.1657658088547331
0,butan-1-ol,attention,3,C,0.22160107272704335
0,butan-1-ol,attention,4,O,0.18617361566804488
0,butan-1-ol,integrated_gradients,0,C,0.28323617577552795
0,butan-1-ol,integrated_gradients,1,C,0.11237066239118576
0,butan-1-ol,integrated_gradients,2,C,0.11219809949398041
0,butan-1-ol,integrated_gradients,3,C,0.12212888896465302
0,butan-1-ol,integrated_gradients,4,O,0.3700661361217499
0,benzene,attention,0,C,0.16666666666666666
0,benzene,attention,1,C,0.16666666666666666
0,benzene,attention,2,C,0.16666666666666666
0,benzene,attention,3,C,0.16666666666666666
0,benzene,attention,4,C,0.16666666666666666
0,benzene,attention,5,C,0.16666666666666666
0,benzene,integrated_gradients,0,C,0.1666666567325592
0,benzene,integrated_gradients,1,C,0.1666666567325592
0,benzene,integrated_gradients,2,C,0.1666666567325592
0,benzene,integrated_gradients,3,C,0.1666666567325592
0,benzene,integrated_gradients,4,C,0.1666666567325592
0,benzene,integrated_gradients,5,C,0.1666666567325592
0,diacetyl,attention,0,C,0.11166267327272124
0,diacetyl,attention,1,C,0.2622078771686017
0,diacetyl,attention,2,O,0.12612944583338676
0,diacetyl,attention,3,C,0.26220788710270926
0,diacetyl,attention,4,C,0.11166266913350978
0,diacetyl,attention,5,O,0.12612944748907134
0,diacetyl,integrated_gradients,0,C,0.02615794539451599
0,diacetyl,integrated_gradients,1,C,0.369623064994812
0,diacetyl,integrated_gradients,2,O,0.10777539759874344
0,diacetyl,integrated_gradients,3,C,0.3608347773551941
0,diacetyl,integrated_gradients,4,C,0.025784239172935486
0,diacetyl,integrated_gradients,5,O,0.10982461273670197
0,toluene,attention,0,C,0.1330041078343336
0,toluene,attention,1,C,0.24975815450827016
0,toluene,attention,2,C,0.13793763360514188
0,toluene,attention,3,C,0.1134475730195607
0,toluene,attention,4,C,0.11446732440799094
0,toluene,attention,5,C,0.11344757621266667
0,toluene,attention,6,C,0.1379376304120359
0,toluene,integrated_gradients,0,C,0.13839903473854065
0,toluene,integrated_gradients,1,C,0.1897028386592865
0,toluene,integrated_gradients,2,C,0.14558565616607666
0,toluene,integrated_gradients,3,C,0.13093967735767365
0,toluene,integrated_gradients,4,C,0.1198321133852005
0,toluene,integrated_gradients,5,C,0.13044501841068268
0,toluene,integrated_gradients,6,C,0.1450956165790558
0,2-phenylethanol,attention,0,O,0.09937363832827244
0,2-phenylethanol,attention,1,C,0.1165092026520655
0,2-phenylethanol,attention,2,C,0.09264495692344328
0,2-phenylethanol,attention,3,C,0.18151889851890565
0,2-phenylethanol,attention,4,C,0.11426981310685257
0,2-phenylethanol,attention,5,C,0.09482764175558973
0,2-phenylethanol,attention,6,C,0.09175839330053377
0,2-phenylethanol,attention,7,C,0.09482764285937943
0,2-phenylethanol,attention,8,C,0.11426981255495772
0,2-phenylethanol,integrated_gradients,0,O,0.20585231482982635
0,2-phenylethanol,integrated_gradients,1,C,0.017027972266077995
0,2-phenylethanol,integrated_gradients,2,C,0.027944345027208328
0,2-phenylethanol,integrated_gradients,3,C,0.17719700932502747
0,2-phenylethanol,integrated_gradients,4,C,0.11093664169311523
0,2-phenylethanol,integrated_gradients,5,C,0.11662739515304565
0,2-phenylethanol,integrated_gradients,6,C,0.11713085323572159
0,2-phenylethanol,integrated_gradients,7,C,0.11647941917181015
0,2-phenylethanol,integrated_gradients,8,C,0.11080408096313477
1,ethanol,attention,0,C,0.21791378268556685
1,ethanol,attention,1,C,0.4416240641224255
1,ethanol,attention,2,O,0.3404621531920077
1,ethanol,integrated_gradients,0,C,0.24800299108028412
1,ethanol,integrated_gradients,1,C,0.1836521327495575
1,ethanol,integrated_gradients,2,O,0.5683448910713196
1,acetaldehyde,attention,0,C,0.20806128655600503
1,acetaldehyde,attention,1,C,0.49027999729196226
1,acetaldehyde,attention,2,O,0.3016587161520327
1,acetaldehyde,integrated_gradients,0,C,0.07675180584192276
1,acetaldehyde,integrated_gradients,1,C,0.4904805123806
1,acetaldehyde,integrated_gradients,2,O,0.43276771903038025
1,acetone,attention,0,C,0.18050830619841202
1,acetone,attention,1,C,0.45068027407919264
1,acetone,attention,2,C,0.18050830619841202
1,acetone,attention,3,O,0.1883031135239833
1,acetone,integrated_gradients,0,C,0.17891862988471985
1,acetone,integrated_gradients,1,C,0.42769739031791687
1,acetone,integrated_gradients,2,C,0.17891862988471985
1,acetone,integrated_gradients,3,O,0.21446537971496582
1,butan-1-ol,attention,0,C,0.1646466139009124
1,butan-1-ol,attention,1,C,0.2233650933972113
1,butan-1-ol,attention,2,C,0.17469953342854327
1,butan-1-ol,attention,3,C,0.24624569361154208
1,butan-1-ol,attention,4,O,0.19104306566179086
1,butan-1-ol,integrated_gradients,0,C,0.18794171512126923
1,butan-1-ol,integrated_gradients,1,C,0.13176220655441284
1,butan-1-ol,integrated_gradients,2,C,0.12431427836418152
1,butan-1-ol,integrated_gradients,3,C,0.13348828256130219
1,butan-1-ol,integrated_gradients,4,O,0.4224935472011566
1,benzene,attention,0,C,0.16666666666666669
1,benzene,attention,1,C,0.16666666666666669
1,benzene,attention,2,C,0.16666666666666669
1,benzene,attention,3,C,0.16666666666666669
1,benzene,attention,4,C,0.16666666666666669
1,benzene,attention,5,C,0.16666666666666669
1,benzene,integrated_gradients,0,C,0.1666666567325592
1,benzene,integrated_gradients,1,C,0.1666666567325592
1,benzene,integrated_gradients,2,C,0.1666666567325592
1,benzene,integrated_gradients,3,C,0.1666666567325592
1,benzene,integrated_gradients,4,C,0.1666666567325592
1,benzene,integrated_gradients,5,C,0.1666666567325592
1,diacetyl,attention,0,C,0.11600109460950893
1,diacetyl,attention,1,C,0.26562157929095737
1,diacetyl,attention,2,O,0.11837732237424332
1,diacetyl,attention,3,C,0.26562158922506496
1,diacetyl,attention,4,C,0.11600109047029745
1,diacetyl,attention,5,O,0.11837732402992791
1,diacetyl,integrated_gradients,0,C,0.07101992517709732
1,diacetyl,integrated_gradients,1,C,0.3179238438606262
1,diacetyl,integrated_gradients,2,O,0.10347779840230942
1,diacetyl,integrated_gradients,3,C,0.32759952545166016
1,diacetyl,integrated_gradients,4,C,0.07276616245508194
1,diacetyl,integrated_gradients,5,O,0.10721267014741898
1,toluene,attention,0,C,0.12447748244444172
1,toluene,attention,1,C,0.23613523902798728
1,toluene,attention,2,C,0.13326860344589977
1,toluene,attention,3,C,0.12495527327763932
1,toluene,attention,4,C,0.12293953430502122
1,toluene,attention,5,C,0.12495526476269005
1,toluene,attention,6,C,0.13326860273632066
1,toluene,integrated_gradients,0,C,0.07199396193027496
1,toluene,integrated_gradients,1,C,0.17489376664161682
1,toluene,integrated_gradients,2,C,0.15167972445487976
1,toluene,integrated_gradients,3,C,0.15062451362609863
1,toluene,integrated_gradients,4,C,0.14867140352725983
1,toluene,integrated_gradients,5,C,0.15053541958332062
1,toluene,integrated_gradients,6,C,0.15160125494003296
1,2-phenylethanol,attention,0,O,0.10660928113924505
1,2-phenylethanol,attention,1,C,0.13241689046378172
1,2-phenylethanol,attention,2,C,0.08209265599872533
1,2-phenylethanol,attention,3,C,0.1622824560526611
1,2-phenylethanol,attention,4,C,0.1094534437185717
1,2-phenylethanol,attention,5,C,0.10041762234701197
1,2-phenylethanol,attention,6,C,0.09685658366252467
1,2-phenylethanol,attention,7,C,0.10041762676217088
1,2-phenylethanol,attention,8,C,0.10945343985530766
1,2-phenylethanol,integrated_gradients,0,O,0.2277921885251999
1,2-phenylethanol,integrated_gradients,1,C,0.025561245158314705
1,2-phenylethanol,integrated_gradients,2,C,0.020885653793811798
1,2-phenylethanol,integrated_gradients,3,C,0.15900768339633942
1,2-phenylethanol,integrated_gradients,4,C,0.10149579495191574
1,2-phenylethanol,integrated_gradients,5,C,0.11886896938085556
1,2-phenylethanol,integrated_gradients,6,C,0.12590131163597107
1,2-phenylethanol,integrated_gradients,7,C,0.11893178522586823
1,2-phenylethanol,integrated_gradients,8,C,0.10155533999204636
2,ethanol,attention,0,C,0.22946984596424835
2,ethanol,attention,1,C,0.4382523240214941
2,ethanol,attention,2,O,0.3322778300142576
2,ethanol,integrated_gradients,0,C,0.010873072780668736
2,ethanol,integrated_gradients,1,C,0.5076395273208618
2,ethanol,integrated_gradients,2,O,0.4814873933792114
2,acetaldehyde,attention,0,C,0.2077127981266061
2,acetaldehyde,attention,1,C,0.4832905122243623
2,acetaldehyde,attention,2,O,0.30899668964903154
2,acetaldehyde,integrated_gradients,0,C,0.07974899560213089
2,acetaldehyde,integrated_gradients,1,C,0.5044776797294617
2,acetaldehyde,integrated_gradients,2,O,0.41577333211898804
2,acetone,attention,0,C,0.16149204640839473
2,acetone,attention,1,C,0.4856291389185729
2,acetone,attention,2,C,0.16149204640839473
2,acetone,attention,3,O,0.19138676826463752
2,acetone,integrated_gradients,0,C,0.10521339625120163
2,acetone,integrated_gradients,1,C,0.6334323287010193
2,acetone,integrated_gradients,2,C,0.10521339625120163
2,acetone,integrated_gradients,3,O,0.15614092350006104
2,butan-1-ol,attention,0,C,0.16689583899030042
2,butan-1-ol,attention,1,C,0.21622037584176304
2,butan-1-ol,attention,2,C,0.17003704397345393
2,butan-1-ol,attention,3,C,0.25409981567268747
2,butan-1-ol,attention,4,O,0.19274692552179515
2,butan-1-ol,integrated_gradients,0,C,0.07531099766492844
2,butan-1-ol,integrated_gradients,1,C,0.26229071617126465
2,butan-1-ol,integrated_gradients,2,C,0.2532896101474762
2,butan-1-ol,integrated_gradients,3,C,0.2612989544868469
2,butan-1-ol,integrated_gradients,4,O,0.14780975878238678
2,benzene,attention,0,C,0.16666666666666666
2,benzene,attention,1,C,0.16666666666666666
2,benzene,attention,2,C,0.16666666666666666
2,benzene,attention,3,C,0.16666666666666666
2,benzene,attention,4,C,0.16666666666666666
2,benzene,attention,5,C,0.16666666666666666
2,benzene,integrated_gradients,0,C,0.1666666567325592
2,benzene,integrated_gradients,1,C,0.1666666567325592
2,benzene,integrated_gradients,2,C,0.1666666567325592
2,benzene,integrated_gradients,3,C,0.1666666567325592
2,benzene,integrated_gradients,4,C,0.1666666567325592
2,benzene,integrated_gradients,5,C,0.1666666567325592
2,diacetyl,attention,0,C,0.10970315990373229
2,diacetyl,attention,1,C,0.2643119599551691
2,diacetyl,attention,2,O,0.12598488303854657
2,diacetyl,attention,3,C,0.2643119541602731
2,diacetyl,attention,4,C,0.10970316155941688
2,diacetyl,attention,5,O,0.12598488138286199
2,diacetyl,integrated_gradients,0,C,0.030546318739652634
2,diacetyl,integrated_gradients,1,C,0.387623131275177
2,diacetyl,integrated_gradients,2,O,0.08662346750497818
2,diacetyl,integrated_gradients,3,C,0.38291892409324646
2,diacetyl,integrated_gradients,4,C,0.02999701164662838
2,diacetyl,integrated_gradients,5,O,0.0822911337018013
2,toluene,attention,0,C,0.11646915282604288
2,toluene,attention,1,C,0.248679516383207
2,toluene,attention,2,C,0.1396069331791261
2,toluene,attention,3,C,0.12062518321820455
2,toluene,attention,4,C,0.11438709019071856
2,toluene,attention,5,C,0.12062518321820455
2,toluene,attention,6,C,0.13960694098449627
2,toluene,integrated_gradients,0,C,0.050599727779626846
2,toluene,integrated_gradients,1,C,0.27223819494247437
2,toluene,integrated_gradients,2,C,0.1333959996700287
2,toluene,integrated_gradients,3,C,0.1369152069091797
2,toluene,integrated_gradients,4,C,0.1362428218126297
2,toluene,integrated_gradients,5,C,0.13706395030021667
2,toluene,integrated_gradients,6,C,0.13354408740997314
2,2-phenylethanol,attention,0,O,0.10520418697054393
2,2-phenylethanol,attention,1,C,0.13789651448702106
2,2-phenylethanol,attention,2,C,0.08196670913974992
2,2-phenylethanol,attention,3,C,0.16615266670274018
2,2-phenylethanol,attention,4,C,0.10914951277898183
2,2-phenylethanol,attention,5,C,0.09935280617242101
2,2-phenylethanol,attention,6,C,0.09177529031608782
2,2-phenylethanol,attention,7,C,0.09935280120536728
2,2-phenylethanol,attention,8,C,0.10914951222708696
2,2-phenylethanol,integrated_gradients,0,O,0.01753625087440014
2,2-phenylethanol,integrated_gradients,1,C,0.01641671545803547
2,2-phenylethanol,integrated_gradients,2,C,0.024164089933037758
2,2-phenylethanol,integrated_gradients,3,C,0.13419605791568756
2,2-phenylethanol,integrated_gradients,4,C,0.14577357470989227
2,2-phenylethanol,integrated_gradients,5,C,0.1695261299610138
2,2-phenylethanol,integrated_gradients,6,C,0.1765851378440857
2,2-phenylethanol,integrated_gradients,7,C,0.16977891325950623
2,2-phenylethanol,integrated_gradients,8,C,0.14602306485176086
