seed,molecule,spearman_attention_vs_ig,n_atoms
0,ethanol,-0.5,3
0,acetaldehyde,1.0,3
0,acetone,1.0,4
0,butan-1-ol,0.09999999999999999,5
0,benzene,,6
0,diacetyl,0.942857142857143,6
0,toluene,0.8571428571428573,7
0,2-phenylethanol,-0.08333333333333334,9
1,ethanol,-0.5,3
1,acetaldehyde,1.0,3
1,acetone,1.0,4
1,butan-1-ol,-0.09999999999999999,5
1,benzene,,6
1,diacetyl,0.942857142857143,6
1,toluene,0.9642857142857145,7
1,2-phenylethanol,0.11666666666666665,9
2,ethanol,1.0,3
2,acetaldehyde,1.0,3
2,acetone,1.0,4
2,butan-1-ol,0.7999999999999999,5
2,benzene,,6
2,diacetyl,0.942857142857143,6
2,toluene,0.34235623582431246,7
2,2-phenylethanol,-0.45,9
