model,split,fold,platform,cosine,rank,n_candidates,seed
mean,leave_molecule_out,2-phenylethanol,B,-0.1800093027724028,3,3,0
ecfp_mlp,leave_molecule_out,2-phenylethanol,B,0.9097538296808989,2,3,0
gcn,leave_molecule_out,2-phenylethanol,B,0.7392417622211148,2,3,0
gat,leave_molecule_out,2-phenylethanol,B,-0.8952503875022626,2,3,0
gat_pretrained,leave_molecule_out,2-phenylethanol,B,0.8585118036327408,2,3,0
mean,leave_molecule_out,2-phenylethanol,B,-0.1800093027724028,3,3,1
ecfp_mlp,leave_molecule_out,2-phenylethanol,B,0.9030973817382377,2,3,1
gcn,leave_molecule_out,2-phenylethanol,B,-0.9060643510464547,2,3,1
gat,leave_molecule_out,2-phenylethanol,B,-0.8242012678792928,2,3,1
gat_pretrained,leave_molecule_out,2-phenylethanol,B,0.7495237044052374,2,3,1
mean,leave_molecule_out,2-phenylethanol,B,-0.1800093027724028,3,3,2
ecfp_mlp,leave_molecule_out,2-phenylethanol,B,0.9044744578553094,2,3,2
gcn,leave_molecule_out,2-phenylethanol,B,-0.9122466455835211,2,3,2
gat,leave_molecule_out,2-phenylethanol,B,0.6520929052258818,2,3,2
gat_pretrained,leave_molecule_out,2-phenylethanol,B,-0.731678232613027,2,3,2
mean,leave_molecule_out,acetaldehyde,A,0.248277135013166,3,6,0
ecfp_mlp,leave_molecule_out,acetaldehyde,A,0.3492337391441163,2,6,0
gcn,leave_molecule_out,acetaldehyde,A,0.3102764754817771,2,6,0
gat,leave_molecule_out,acetaldehyde,A,0.2980791073311207,2,6,0
gat_pretrained,leave_molecule_out,acetaldehyde,A,0.2782385739916038,2,6,0
mean,leave_molecule_out,acetaldehyde,A,0.248277135013166,3,6,1
ecfp_mlp,leave_molecule_out,acetaldehyde,A,0.3019483056841543,2,6,1
gcn,leave_molecule_out,acetaldehyde,A,0.30521708321412366,2,6,1
gat,leave_molecule_out,acetaldehyde,A,0.31775184493450387,2,6,1
gat_pretrained,leave_molecule_out,acetaldehyde,A,0.31646783217053964,2,6,1
mean,leave_molecule_out,acetaldehyde,A,0.248277135013166,3,6,2
ecfp_mlp,leave_molecule_out,acetaldehyde,A,0.2957211013837804,2,6,2
gcn,leave_molecule_out,acetaldehyde,A,0.312126941522033,2,6,2
gat,leave_molecule_out,acetaldehyde,A,0.31079900669122584,2,6,2
gat_pretrained,leave_molecule_out,acetaldehyde,A,0.3147819486487301,2,6,2
mean,leave_molecule_out,acetone,A,0.2629804007175851,4,6,0
ecfp_mlp,leave_molecule_out,acetone,A,0.33643554408232945,2,6,0
gcn,leave_molecule_out,acetone,A,0.7509511143016203,2,6,0
gat,leave_molecule_out,acetone,A,0.7440151804066644,2,6,0
gat_pretrained,leave_molecule_out,acetone,A,0.747870481100516,2,6,0
mean,leave_molecule_out,acetone,A,0.2629804007175851,4,6,1
ecfp_mlp,leave_molecule_out,acetone,A,0.60534009211704,2,6,1
gcn,leave_molecule_out,acetone,A,0.7484531068893326,2,6,1
gat,leave_molecule_out,acetone,A,0.7487035883920233,2,6,1
gat_pretrained,leave_molecule_out,acetone,A,0.7542900125685174,2,6,1
mean,leave_molecule_out,acetone,A,0.2629804007175851,4,6,2
ecfp_mlp,leave_molecule_out,acetone,A,0.2139254082410835,3,6,2
gcn,leave_molecule_out,acetone,A,0.7468173940569427,2,6,2
gat,leave_molecule_out,acetone,A,0.7509628469268986,2,6,2
gat_pretrained,leave_molecule_out,acetone,A,0.7458455059893799,2,6,2
mean,leave_molecule_out,ammonia,A,0.7072933529797248,3,6,0
ecfp_mlp,leave_molecule_out,ammonia,A,0.24539802165538752,2,6,0
gcn,leave_molecule_out,ammonia,A,0.03327539024088851,4,6,0
gat,leave_molecule_out,ammonia,A,0.42185713068936326,2,6,0
gat_pretrained,leave_molecule_out,ammonia,A,-0.2346769902363327,4,6,0
mean,leave_molecule_out,ammonia,A,0.7072933529797248,3,6,1
ecfp_mlp,leave_molecule_out,ammonia,A,0.308340013450922,2,6,1
gcn,leave_molecule_out,ammonia,A,-0.3174619719298763,4,6,1
gat,leave_molecule_out,ammonia,A,-0.3019981195326283,4,6,1
gat_pretrained,leave_molecule_out,ammonia,A,-0.40382967554961013,3,6,1
mean,leave_molecule_out,ammonia,A,0.7072933529797248,3,6,2
ecfp_mlp,leave_molecule_out,ammonia,A,0.29099288587430294,2,6,2
gcn,leave_molecule_out,ammonia,A,-0.28585710655165814,4,6,2
gat,leave_molecule_out,ammonia,A,-0.4544300970544284,5,6,2
gat_pretrained,leave_molecule_out,ammonia,A,0.1699103774467829,3,6,2
mean,leave_molecule_out,diacetyl,B,0.7391528064975088,1,3,0
ecfp_mlp,leave_molecule_out,diacetyl,B,0.11566894936929857,2,3,0
gcn,leave_molecule_out,diacetyl,B,0.5863885866005434,2,3,0
gat,leave_molecule_out,diacetyl,B,0.45487796742340636,2,3,0
gat_pretrained,leave_molecule_out,diacetyl,B,0.49897583267485,2,3,0
mean,leave_molecule_out,diacetyl,B,0.7391528064975088,1,3,1
ecfp_mlp,leave_molecule_out,diacetyl,B,0.03137181724594666,2,3,1
gcn,leave_molecule_out,diacetyl,B,0.2616006836457088,2,3,1
gat,leave_molecule_out,diacetyl,B,0.6649971525579009,2,3,1
gat_pretrained,leave_molecule_out,diacetyl,B,0.23141777237056624,2,3,1
mean,leave_molecule_out,diacetyl,B,0.7391528064975088,1,3,2
ecfp_mlp,leave_molecule_out,diacetyl,B,-0.017988877420798587,2,3,2
gcn,leave_molecule_out,diacetyl,B,0.2849152368277941,2,3,2
gat,leave_molecule_out,diacetyl,B,0.2595186044693527,2,3,2
gat_pretrained,leave_molecule_out,diacetyl,B,0.5442433962684218,1,3,2
mean,leave_molecule_out,ethanol,A,-0.18533661540716895,4,6,0
mean,leave_molecule_out,ethanol,B,0.09896334527933724,1,3,0
ecfp_mlp,leave_molecule_out,ethanol,A,-0.18400702632038538,4,6,0
ecfp_mlp,leave_molecule_out,ethanol,B,-0.810968493568394,2,3,0
gcn,leave_molecule_out,ethanol,A,-0.06732229033965025,5,6,0
gcn,leave_molecule_out,ethanol,B,0.8599666104621005,2,3,0
gat,leave_molecule_out,ethanol,A,-0.03215872235648782,4,6,0
gat,leave_molecule_out,ethanol,B,0.8544033582792273,2,3,0
gat_pretrained,leave_molecule_out,ethanol,A,-0.1695782108824828,4,6,0
gat_pretrained,leave_molecule_out,ethanol,B,0.8593369578888258,2,3,0
mean,leave_molecule_out,ethanol,A,-0.18533661540716895,4,6,1
mean,leave_molecule_out,ethanol,B,0.09896334527933724,1,3,1
ecfp_mlp,leave_molecule_out,ethanol,A,-0.27142472767114223,4,6,1
ecfp_mlp,leave_molecule_out,ethanol,B,-0.8317687274371545,2,3,1
gcn,leave_molecule_out,ethanol,A,-0.2878737574250086,4,6,1
gcn,leave_molecule_out,ethanol,B,0.8593863562816675,2,3,1
gat,leave_molecule_out,ethanol,A,0.26822753685226713,3,6,1
gat,leave_molecule_out,ethanol,B,0.8579851227780965,2,3,1
gat_pretrained,leave_molecule_out,ethanol,A,0.29544500495281084,4,6,1
gat_pretrained,leave_molecule_out,ethanol,B,0.8606481835882611,2,3,1
mean,leave_molecule_out,ethanol,A,-0.18533661540716895,4,6,2
mean,leave_molecule_out,ethanol,B,0.09896334527933724,1,3,2
ecfp_mlp,leave_molecule_out,ethanol,A,-0.11093678087895123,4,6,2
ecfp_mlp,leave_molecule_out,ethanol,B,-0.8202090711371114,2,3,2
gcn,leave_molecule_out,ethanol,A,-0.3138029102621104,4,6,2
gcn,leave_molecule_out,ethanol,B,0.8605933411874405,2,3,2
gat,leave_molecule_out,ethanol,A,0.07608047665223323,4,6,2
gat,leave_molecule_out,ethanol,B,0.8589702710861552,2,3,2
gat_pretrained,leave_molecule_out,ethanol,A,0.07447659511680148,4,6,2
gat_pretrained,leave_molecule_out,ethanol,B,0.8600118403891471,2,3,2
mean,leave_molecule_out,ethylene,A,0.2171976395791533,4,6,0
ecfp_mlp,leave_molecule_out,ethylene,A,0.17762064794756138,3,6,0
gcn,leave_molecule_out,ethylene,A,0.03182866595274338,4,6,0
gat,leave_molecule_out,ethylene,A,0.23343332811950263,4,6,0
gat_pretrained,leave_molecule_out,ethylene,A,0.1364357607607039,4,6,0
mean,leave_molecule_out,ethylene,A,0.2171976395791533,4,6,1
ecfp_mlp,leave_molecule_out,ethylene,A,0.21670837324801454,3,6,1
gcn,leave_molecule_out,ethylene,A,0.2546916930941459,2,6,1
gat,leave_molecule_out,ethylene,A,0.01236166426388608,4,6,1
gat_pretrained,leave_molecule_out,ethylene,A,0.24855665581671815,4,6,1
mean,leave_molecule_out,ethylene,A,0.2171976395791533,4,6,2
ecfp_mlp,leave_molecule_out,ethylene,A,0.28771801727964635,4,6,2
gcn,leave_molecule_out,ethylene,A,0.2793654388295886,3,6,2
gat,leave_molecule_out,ethylene,A,0.3415345809552447,2,6,2
gat_pretrained,leave_molecule_out,ethylene,A,-0.24432728585293767,4,6,2
mean,leave_molecule_out,toluene,A,0.8094375155272994,2,6,0
ecfp_mlp,leave_molecule_out,toluene,A,0.008926019834513924,4,6,0
gcn,leave_molecule_out,toluene,A,0.25660261596245654,3,6,0
gat,leave_molecule_out,toluene,A,-0.22249569864810664,4,6,0
gat_pretrained,leave_molecule_out,toluene,A,0.026913557848616515,3,6,0
mean,leave_molecule_out,toluene,A,0.8094375155272994,2,6,1
ecfp_mlp,leave_molecule_out,toluene,A,0.07619187240614558,3,6,1
gcn,leave_molecule_out,toluene,A,0.3677938973779169,3,6,1
gat,leave_molecule_out,toluene,A,0.0915838093217434,3,6,1
gat_pretrained,leave_molecule_out,toluene,A,0.5949087363090508,2,6,1
mean,leave_molecule_out,toluene,A,0.8094375155272994,2,6,2
ecfp_mlp,leave_molecule_out,toluene,A,-0.08978041604917336,4,6,2
gcn,leave_molecule_out,toluene,A,0.6743883143836518,2,6,2
gat,leave_molecule_out,toluene,A,0.5491179720451842,2,6,2
gat_pretrained,leave_molecule_out,toluene,A,-0.1310103223745064,3,6,2
mean,random_batchwise,seed0,A,0.4974117754407214,2,6,0
mean,random_batchwise,seed0,A,0.17156653995966634,4,6,0
mean,random_batchwise,seed0,A,0.4293642028383203,3,6,0
mean,random_batchwise,seed0,A,0.12644338030659846,4,6,0
mean,random_batchwise,seed0,A,-0.08603367453869269,5,6,0
mean,random_batchwise,seed0,A,0.6135966613510832,2,6,0
mean,random_batchwise,seed0,B,0.6803650725037178,2,3,0
mean,random_batchwise,seed0,B,-0.7882350616302766,3,3,0
mean,random_batchwise,seed0,B,0.7257645919042177,2,3,0
ecfp_mlp,random_batchwise,seed0,A,-0.021359914403262212,4,6,0
ecfp_mlp,random_batchwise,seed0,A,0.22041177719590432,1,6,0
ecfp_mlp,random_batchwise,seed0,A,0.8158065343706163,1,6,0
ecfp_mlp,random_batchwise,seed0,A,0.46953216225484123,1,6,0
ecfp_mlp,random_batchwise,seed0,A,0.6548226879118594,1,6,0
ecfp_mlp,random_batchwise,seed0,A,0.9084152476412723,1,6,0
ecfp_mlp,random_batchwise,seed0,B,0.8316635555635503,1,3,0
ecfp_mlp,random_batchwise,seed0,B,0.820451098602725,1,3,0
ecfp_mlp,random_batchwise,seed0,B,0.7296557396922542,2,3,0
gcn,random_batchwise,seed0,A,-0.01967541808874917,4,6,0
gcn,random_batchwise,seed0,A,0.22081168160763445,1,6,0
gcn,random_batchwise,seed0,A,0.8163227092327905,1,6,0
gcn,random_batchwise,seed0,A,0.46741308116286207,1,6,0
gcn,random_batchwise,seed0,A,0.6565971730427732,1,6,0
gcn,random_batchwise,seed0,A,0.9077105868075879,1,6,0
gcn,random_batchwise,seed0,B,0.8312412702793613,1,3,0
gcn,random_batchwise,seed0,B,0.8208388176623708,1,3,0
gcn,random_batchwise,seed0,B,0.7294946228466551,2,3,0
gat,random_batchwise,seed0,A,-0.019036729495986934,4,6,0
gat,random_batchwise,seed0,A,0.21903856283133355,1,6,0
gat,random_batchwise,seed0,A,0.8155830736606156,1,6,0
gat,random_batchwise,seed0,A,0.46767849408239004,1,6,0
gat,random_batchwise,seed0,A,0.6577034075746101,1,6,0
gat,random_batchwise,seed0,A,0.9074444319787051,1,6,0
gat,random_batchwise,seed0,B,0.8311085079667622,1,3,0
gat,random_batchwise,seed0,B,0.8208622167872128,1,3,0
gat,random_batchwise,seed0,B,0.7287088699365852,2,3,0
gat_pretrained,random_batchwise,seed0,A,-0.021337645647360737,4,6,0
gat_pretrained,random_batchwise,seed0,A,0.2235715944364282,1,6,0
gat_pretrained,random_batchwise,seed0,A,0.8160601015147606,1,6,0
gat_pretrained,random_batchwise,seed0,A,0.4707640054421417,1,6,0
gat_pretrained,random_batchwise,seed0,A,0.6561990895348853,1,6,0
gat_pretrained,random_batchwise,seed0,A,0.9077525967274773,1,6,0
gat_pretrained,random_batchwise,seed0,B,0.8306159257632447,1,3,0
gat_pretrained,random_batchwise,seed0,B,0.8201328182310059,1,3,0
gat_pretrained,random_batchwise,seed0,B,0.7293559691082908,2,3,0
mean,random_batchwise,seed1,A,0.6455021100788966,2,6,1
mean,random_batchwise,seed1,A,0.3818620576956707,4,6,1
mean,random_batchwise,seed1,A,0.5768051435266895,3,6,1
mean,random_batchwise,seed1,A,0.3177403275209784,4,6,1
mean,random_batchwise,seed1,A,0.19546729307021424,4,6,1
mean,random_batchwise,seed1,A,0.762866049031818,2,6,1
mean,random_batchwise,seed1,B,0.7443886418650716,2,3,1
mean,random_batchwise,seed1,B,-0.8808725709595786,3,3,1
mean,random_batchwise,seed1,B,0.9269467535685401,1,3,1
ecfp_mlp,random_batchwise,seed1,A,0.7053104341491533,1,6,1
ecfp_mlp,random_batchwise,seed1,A,0.6698733819043343,1,6,1
ecfp_mlp,random_batchwise,seed1,A,0.9819208453512036,1,6,1
ecfp_mlp,random_batchwise,seed1,A,0.36701744484570226,1,6,1
ecfp_mlp,random_batchwise,seed1,A,0.6558828400108259,1,6,1
ecfp_mlp,random_batchwise,seed1,A,0.9673343479559771,1,6,1
ecfp_mlp,random_batchwise,seed1,B,0.9438448832962584,1,3,1
ecfp_mlp,random_batchwise,seed1,B,0.9782981301036546,1,3,1
ecfp_mlp,random_batchwise,seed1,B,0.8587164969375597,1,3,1
gcn,random_batchwise,seed1,A,0.7061258096129772,1,6,1
gcn,random_batchwise,seed1,A,0.672128388314744,1,6,1
gcn,random_batchwise,seed1,A,0.9819656117607581,1,6,1
gcn,random_batchwise,seed1,A,0.3675181228608672,1,6,1
gcn,random_batchwise,seed1,A,0.6534026131055162,1,6,1
gcn,random_batchwise,seed1,A,0.9670883521987459,1,6,1
gcn,random_batchwise,seed1,B,0.9436367203495525,1,3,1
gcn,random_batchwise,seed1,B,0.9785035432650907,1,3,1
gcn,random_batchwise,seed1,B,0.857897392923032,1,3,1
gat,random_batchwise,seed1,A,0.7064118554551779,1,6,1
gat,random_batchwise,seed1,A,0.6696024155441939,1,6,1
gat,random_batchwise,seed1,A,0.9816543464127644,1,6,1
gat,random_batchwise,seed1,A,0.3761539532579465,1,6,1
gat,random_batchwise,seed1,A,0.6554660962273443,1,6,1
gat,random_batchwise,seed1,A,0.9680357759363982,1,6,1
gat,random_batchwise,seed1,B,0.9434287865845401,1,3,1
gat,random_batchwise,seed1,B,0.9786720789633826,1,3,1
gat,random_batchwise,seed1,B,0.855346372983359,1,3,1
gat_pretrained,random_batchwise,seed1,A,0.7027280769872382,1,6,1
gat_pretrained,random_batchwise,seed1,A,0.671877985576525,1,6,1
gat_pretrained,random_batchwise,seed1,A,0.9818170321360571,1,6,1
gat_pretrained,random_batchwise,seed1,A,0.36625135400571573,1,6,1
gat_pretrained,random_batchwise,seed1,A,0.6565738536693739,1,6,1
gat_pretrained,random_batchwise,seed1,A,0.9675898367468247,1,6,1
gat_pretrained,random_batchwise,seed1,B,0.9435866484479533,1,3,1
gat_pretrained,random_batchwise,seed1,B,0.9783945788876286,1,3,1
gat_pretrained,random_batchwise,seed1,B,0.8576846396631128,1,3,1
mean,random_batchwise,seed2,A,0.09671438146066032,4,6,2
mean,random_batchwise,seed2,A,0.12716128853939726,4,6,2
mean,random_batchwise,seed2,A,0.5452758911945552,3,6,2
mean,random_batchwise,seed2,A,-0.5042265867884144,6,6,2
mean,random_batchwise,seed2,A,-0.4777468534714708,6,6,2
mean,random_batchwise,seed2,A,0.7628863082878168,1,6,2
mean,random_batchwise,seed2,B,0.8625534812473792,2,3,2
mean,random_batchwise,seed2,B,-0.8328686126522552,3,3,2
mean,random_batchwise,seed2,B,0.8722650445051408,1,3,2
ecfp_mlp,random_batchwise,seed2,A,0.1732737644349755,2,6,2
ecfp_mlp,random_batchwise,seed2,A,0.33717384440812953,1,6,2
ecfp_mlp,random_batchwise,seed2,A,0.9046719983716932,1,6,2
ecfp_mlp,random_batchwise,seed2,A,0.4125103636221373,1,6,2
ecfp_mlp,random_batchwise,seed2,A,0.7530800935924165,1,6,2
ecfp_mlp,random_batchwise,seed2,A,0.9104140290465074,1,6,2
ecfp_mlp,random_batchwise,seed2,B,0.9121031928286025,1,3,2
ecfp_mlp,random_batchwise,seed2,B,0.9736043077915694,1,3,2
ecfp_mlp,random_batchwise,seed2,B,0.9472880245298837,1,3,2
gcn,random_batchwise,seed2,A,0.17245076008213986,2,6,2
gcn,random_batchwise,seed2,A,0.33484233100829175,1,6,2
gcn,random_batchwise,seed2,A,0.905125086419541,1,6,2
gcn,random_batchwise,seed2,A,0.4157419452457241,1,6,2
gcn,random_batchwise,seed2,A,0.7532629456376058,1,6,2
gcn,random_batchwise,seed2,A,0.9099970435347835,1,6,2
gcn,random_batchwise,seed2,B,0.9133837378964208,1,3,2
gcn,random_batchwise,seed2,B,0.9737216958387902,1,3,2
gcn,random_batchwise,seed2,B,0.9482239879896008,1,3,2
gat,random_batchwise,seed2,A,0.1739906809694914,2,6,2
gat,random_batchwise,seed2,A,0.33376689043403945,1,6,2
gat,random_batchwise,seed2,A,0.9047745395344778,1,6,2
gat,random_batchwise,seed2,A,0.4122574961957047,1,6,2
gat,random_batchwise,seed2,A,0.7546518874826503,1,6,2
gat,random_batchwise,seed2,A,0.9119475909203814,1,6,2
gat,random_batchwise,seed2,B,0.9145603083275967,1,3,2
gat,random_batchwise,seed2,B,0.9738580600827803,1,3,2
gat,random_batchwise,seed2,B,0.9472982440348026,1,3,2
gat_pretrained,random_batchwise,seed2,A,0.17430806336115054,2,6,2
gat_pretrained,random_batchwise,seed2,A,0.33507783713077793,1,6,2
gat_pretrained,random_batchwise,seed2,A,0.9055494704792527,1,6,2
gat_pretrained,random_batchwise,seed2,A,0.41519537153816316,1,6,2
gat_pretrained,random_batchwise,seed2,A,0.7530328835465433,1,6,2
gat_pretrained,random_batchwise,seed2,A,0.9101527115407329,1,6,2
gat_pretrained,random_batchwise,seed2,B,0.913146416227428,1,3,2
gat_pretrained,random_batchwise,seed2,B,0.9737861775830196,1,3,2
gat_pretrained,random_batchwise,seed2,B,0.9479866039006052,1,3,2
