seed,method,molecule,n_atoms,auc_attr,auc_random,auc_random_std,gap,faithful
0,attention,ethanol,3,0.6935241781175137,0.6306411902606487,0.09114055809332725,-0.06288298785686497,False
0,integrated_gradients,ethanol,3,0.5082057975232601,0.6306411902606487,0.09114055809332725,0.12243539273738857,True
0,attention,acetaldehyde,3,0.501830130815506,0.6224931640923024,0.0778256903371774,0.1206630332767964,True
0,integrated_gradients,acetaldehyde,3,0.501830130815506,0.6224931640923024,0.0778256903371774,0.1206630332767964,True
0,attention,acetone,4,-0.07501760721206666,0.2772768998146057,0.20899705348901956,0.3522945070266723,True
0,integrated_gradients,acetone,4,-0.07501760721206666,0.2772768998146057,0.20899705348901956,0.3522945070266723,True
0,attention,butan-1-ol,5,0.8239047427972158,0.8247308643658957,0.039245081557556336,0.000826121568679894,False
0,integrated_gradients,butan-1-ol,5,0.7593844731648763,0.8247308643658957,0.039245081557556336,0.06534639120101937,True
0,attention,benzene,6,0.921636130128588,0.9233690283979687,0.001263676161338887,0.0017328982693807227,True
0,integrated_gradients,benzene,6,0.921636130128588,0.9233690283979687,0.001263676161338887,0.0017328982693807227,True
0,attention,diacetyl,6,-0.10369576726640974,0.4464784811224257,0.2640175498975887,0.5501742483888354,True
0,integrated_gradients,diacetyl,6,-0.10369576726640974,0.4464784811224257,0.2640175498975887,0.5501742483888354,True
0,attention,toluene,7,0.7595596993342042,0.7748697235062718,0.06207052181426663,0.015310024172067616,False
0,integrated_gradients,toluene,7,0.745675397105515,0.7748697235062718,0.06207052181426663,0.02919432640075681,False
0,attention,2-phenylethanol,9,0.992453521490097,0.9868391823768617,0.00790710092940841,-0.005614339113235278,False
0,integrated_gradients,2-phenylethanol,9,0.9865248382091523,0.9868391823768617,0.00790710092940841,0.00031434416770947937,False
1,attention,ethanol,3,0.5721455030143261,0.5724913181364536,0.12545710323765033,0.00034581512212750187,False
1,integrated_gradients,ethanol,3,0.36962891556322575,0.5724913181364536,0.12545710323765033,0.20286240257322785,True
1,attention,acetaldehyde,3,0.10541999712586403,0.38658440724015236,0.14200839375274388,0.28116441011428833,True
1,integrated_gradients,acetaldehyde,3,0.10541999712586403,0.38658440724015236,0.14200839375274388,0.28116441011428833,True
1,attention,acetone,4,0.3446351677179337,0.46510409492254257,0.09876935510624114,0.12046892720460889,True
1,integrated_gradients,acetone,4,0.3446351677179337,0.46510409492254257,0.09876935510624114,0.12046892720460889,True
1,attention,butan-1-ol,5,0.7914094577232996,0.7859394868214926,0.029546034617920592,-0.005469970901807009,False
1,integrated_gradients,butan-1-ol,5,0.7399463355541229,0.7859394868214926,0.029546034617920592,0.04599315126736969,True
1,attention,benzene,6,0.8671598349298749,0.870418975353241,0.002474858562987819,0.003259140423366058,True
1,integrated_gradients,benzene,6,0.8671598349298749,0.870418975353241,0.002474858562987819,0.003259140423366058,True
1,attention,diacetyl,6,0.20867502689361572,0.5144022120748246,0.14547733536111626,0.3057271851812089,True
1,integrated_gradients,diacetyl,6,0.20867502689361572,0.5144022120748246,0.14547733536111626,0.3057271851812089,True
1,attention,toluene,7,0.7535429783165455,0.7717700062599033,0.03997938194898916,0.018227027943357843,False
1,integrated_gradients,toluene,7,0.6948272394947708,0.7717700062599033,0.03997938194898916,0.07694276676513256,True
1,attention,2-phenylethanol,9,0.9878258228302002,0.9355665678977967,0.10637561123638672,-0.052259254932403465,False
1,integrated_gradients,2-phenylethanol,9,0.9838567912578583,0.9355665678977967,0.10637561123638672,-0.04829022336006161,False
2,attention,ethanol,3,0.5029242914170027,0.6781651870533824,0.11908965106357901,0.17524089563637968,True
2,integrated_gradients,ethanol,3,0.5029242914170027,0.6781651870533824,0.11908965106357901,0.17524089563637968,True
2,attention,acetaldehyde,3,0.46715627796947956,0.6597863545268774,0.10655813228902802,0.19263007655739783,True
2,integrated_gradients,acetaldehyde,3,0.46715627796947956,0.6597863545268774,0.10655813228902802,0.19263007655739783,True
2,attention,acetone,4,0.2126190945506096,0.4792229209244251,0.1550162278415977,0.2666038263738155,True
2,integrated_gradients,acetone,4,0.2126190945506096,0.4792229209244251,0.1550162278415977,0.2666038263738155,True
2,attention,butan-1-ol,5,0.9187117020289103,0.9420372738440831,0.015262405286109403,0.023325571815172808,True
2,integrated_gradients,butan-1-ol,5,0.9141993323961893,0.9420372738440831,0.015262405286109403,0.027837941447893755,True
2,attention,benzene,6,0.9441504308155605,0.944601286138807,0.0003714469005206612,0.0004508553232465129,True
2,integrated_gradients,benzene,6,0.9441504308155605,0.944601286138807,0.0003714469005206612,0.0004508553232465129,True
2,attention,diacetyl,6,0.21876155478613718,0.6049050327709743,0.16927896256907934,0.3861434779848371,True
2,integrated_gradients,diacetyl,6,0.2187615462711879,0.6049050327709743,0.16927896256907934,0.38614348649978636,True
2,attention,toluene,7,0.8919863700866699,0.8828940765559673,0.023816637224326007,-0.009092293530702622,False
2,integrated_gradients,toluene,7,0.8294147551059723,0.8828940765559673,0.023816637224326007,0.05347932144999501,True
2,attention,2-phenylethanol,9,0.9405921518802642,0.9212947186827659,0.06711925891880517,-0.019297433197498326,False
2,integrated_gradients,2-phenylethanol,9,0.8845888555049897,0.9212947186827659,0.06711925891880517,0.03670586317777624,False
